Event Title,Event Body,Event Date,Event Start Time,Event End Time,Header Skin,Header Sub Title,Listing Option Address,Listing Visibility Duration,Listing Featured,Listing Email,Listing Mobile,Listing Website,Facebook,Twitter,Instgram,Youtube,Related Posts,Listing Button Text,Listing Button URL,Background Image,Location,Latitude,Longitude,Calendar Tag,Categories,Featured Image,Gallery Image,Min Height Hero Image,Disable Hero Image,Region,Alt Tag,Start Time,End Time,Qualification2
Teesside University,"Experience a clearing open day at Teesside University, where you can review their last minute clearing spaces and opportunities! Follow the link and find out how you can book a place. Some of the clearing events offer walk in visits and booking is not necessary. Please check their website.",2018-08-18,10:00,15:00,transparent,Clearing Fair,East Park Terrace  Hampshire SO14 0YN,364,off,enquiries@tees.ac.uk,+44 1642 342275,www.tees.ac.uk,,,,,on,18 Aug - Booking Info,http://www.tees.ac.uk/clearing/,3063,Middlesbrough,54.5707555,-1.235222,August,University,university1.jpg,,200,off,Yorkshire and Humberside,Teesside University,2018-08-18 10:00:00:000000,2018-08-18 15:00:00:000000,"Undergraduate, Clearing"
Solent University,"Experience a clearing open day at Solent University, where you can review their last minute clearing spaces and opportunities! Follow the link and find out how you can book a place. Some of the clearing events offer walk in visits and booking is not necessary. Please check their website.",2018-08-18,10:00,14:00,transparent,Clearing open day,Cottingham Road  England HU6 7RX,364,off,ask@solent.ac.uk,+44 23 8201 3039,www.solent.ac.uk,,,,,on,18 Aug - Booking Info,http://www.solent.ac.uk/open-days,3064,Southampton,50.907843,-1.400295,August,University,university2.jpg,,200,off,South East England,Solent University,2018-08-18 10:00:00:000000,2018-08-18 14:00:00:000000,"Undergraduate, Clearing"
The University of Hull,"Experience a clearing open day at The University of Hull, where you can review their last minute clearing spaces and opportunities! Follow the link and find out how you can book a place. Some of the clearing events offer walk in visits and booking is not necessary. Please check their website.",2018-08-17,10:00,15:00,transparent,Clearing Open Day Visit,Cottingham Road  England HU6 7RX,364,off,opendays@hull.ac.uk,+44 1482466500,www.hull.ac.uk,,,,,on,17 Aug - Booking Info,https://www.hull.ac.uk/clearing/clearing-visit-days.aspx,3065,Hull,53.7737034,-0.3680781,August,University,university3.jpg,,200,off,Yorkshire and Humberside,The University of Hull,2018-08-17 10:00:00:000000,2018-08-17 15:00:00:000000,"Undergraduate, Clearing"
The University of Hull,"Experience a clearing open day at The University of Hull, where you can review their last minute clearing spaces and opportunities! Follow the link and find out how you can book a place. Some of the clearing events offer walk in visits and booking is not necessary. Please check their website.",2018-08-18,10:00,15:00,transparent,Clearing Open Day Visit,Cottingham Road  England HU6 7RX,364,off,opendays@hull.ac.uk,+44 1482466500,www.hull.ac.uk,,,,,on,18 Aug - Booking Info,https://www.hull.ac.uk/clearing/clearing-visit-days.aspx,3066,Hull,53.7737034,-0.3680781,August,University,university4.jpg,,200,off,Yorkshire and Humberside,The University of Hull,2018-08-18 10:00:00:000000,2018-08-18 15:00:00:000000,"Undergraduate, Clearing"
The University of Hull,"Experience a clearing open day at The University of Hull, where you can review their last minute clearing spaces and opportunities! Follow the link and find out how you can book a place. Some of the clearing events offer walk in visits and booking is not necessary. Please check their website.",2018-08-19,10:00,15:00,transparent,Clearing Open Day Visit,Cottingham Road  England HU6 7RX,364,off,opendays@hull.ac.uk,+44 1482466500,www.hull.ac.uk,,,,,on,19 Aug - Booking Info,https://www.hull.ac.uk/clearing/clearing-visit-days.aspx,3067,Hull,53.7737034,-0.3680781,August,University,university5.jpg,,200,off,Yorkshire and Humberside,The University of Hull,2018-08-19 10:00:00:000000,2018-08-19 15:00:00:000000,"Undergraduate, Clearing"
The University of Hull,"Experience a clearing open day at The University of Hull, where you can review their last minute clearing spaces and opportunities! Follow the link and find out how you can book a place. Some of the clearing events offer walk in visits and booking is not necessary. Please check their website.",2018-08-20,10:00,15:00,transparent,Clearing Open Day Visit,Cottingham Road  England HU6 7RX,364,off,opendays@hull.ac.uk,+44 1482466500,www.hull.ac.uk,,,,,on,20 Aug - Booking Info,https://www.hull.ac.uk/clearing/clearing-visit-days.aspx,3068,Hull,53.7737034,-0.3680781,August,University,university6.jpg,,200,off,Yorkshire and Humberside,The University of Hull,2018-08-20 10:00:00:000000,2018-08-20 15:00:00:000000,"Undergraduate, Clearing"
The University of Hull,"Experience a clearing open day at The University of Hull, where you can review their last minute clearing spaces and opportunities! Follow the link and find out how you can book a place. Some of the clearing events offer walk in visits and booking is not necessary. Please check their website.",2018-08-21,10:00,15:00,transparent,Clearing Open Day Visit,Cottingham Road  England HU6 7RX,364,off,opendays@hull.ac.uk,+44 1482466500,www.hull.ac.uk,,,,,on,21 Aug - Booking Info,https://www.hull.ac.uk/clearing/clearing-visit-days.aspx,3069,Hull,53.7737034,-0.3680781,August,University,university7.jpg,,200,off,Yorkshire and Humberside,The University of Hull,2018-08-21 10:00:00:000000,2018-08-21 15:00:00:000000,"Undergraduate, Clearing"
The University of Hull,"Experience a clearing open day at The University of Hull, where you can review their last minute clearing spaces and opportunities! Follow the link and find out how you can book a place. Some of the clearing events offer walk in visits and booking is not necessary. Please check their website.",2018-08-22,10:00,15:00,transparent,Clearing Open Day Visit,Cottingham Road  England HU6 7RX,364,off,opendays@hull.ac.uk,+44 1482466500,www.hull.ac.uk,,,,,on,22 Aug - Booking Info,https://www.hull.ac.uk/clearing/clearing-visit-days.aspx,3070,Hull,53.7737034,-0.3680781,August,University,university8.jpg,,200,off,Yorkshire and Humberside,The University of Hull,2018-08-22 10:00:00:000000,2018-08-22 15:00:00:000000,"Undergraduate, Clearing"
The University of Hull,"Experience a clearing open day at The University of Hull, where you can review their last minute clearing spaces and opportunities! Follow the link and find out how you can book a place. Some of the clearing events offer walk in visits and booking is not necessary. Please check their website.",2018-08-23,10:00,15:00,transparent,Clearing Open Day Visit,Cottingham Road  England HU6 7RX,364,off,opendays@hull.ac.uk,+44 1482466500,www.hull.ac.uk,,,,,on,23 Aug - Booking Info,https://www.hull.ac.uk/clearing/clearing-visit-days.aspx,3071,Hull,53.7737034,-0.3680781,August,University,university9.jpg,,200,off,Yorkshire and Humberside,The University of Hull,2018-08-23 10:00:00:000000,2018-08-23 15:00:00:000000,"Undergraduate, Clearing"
The University of Hull,"Experience a clearing open day at The University of Hull, where you can review their last minute clearing spaces and opportunities! Follow the link and find out how you can book a place. Some of the clearing events offer walk in visits and booking is not necessary. Please check their website.",2018-08-24,10:00,15:00,transparent,Clearing Open Day Visit,The University of Winchester  Hampshire SO22 4NR,364,off,opendays@hull.ac.uk,+44 1482466500,www.hull.ac.uk,,,,,on,24 Aug - Booking Info,https://www.hull.ac.uk/clearing/clearing-visit-days.aspx,3072,Hull,53.7737034,-0.3680781,August,University,university10.jpg,,200,off,Yorkshire and Humberside,The University of Hull,2018-08-24 10:00:00:000000,2018-08-24 15:00:00:000000,"Undergraduate, Clearing"
University of Winchester,"Experience a clearing open day at University of Winchester, where you can review their last minute clearing spaces and opportunities! Follow the link and find out how you can book a place. Some of the clearing events offer walk in visits and booking is not necessary. Please check their website.",2018-08-17,9:30,14:00,transparent,Clearing Advice Day,The University of Winchester  Hampshire SO22 4NR,364,off,opendays@winchester.ac.uk,+44 1962 827234,www.winchester.ac.uk,,,,,on,17 Aug - Booking Info,https://www.winchester.ac.uk/news-and-events/events/event-items/clearing-advice-day-17-august.php,3073,Hampshire,51.059422,-1.325991,August,University,university11.jpg,,200,off,South East England,University of Winchester,2018-08-17 09:30:00:000000,2018-08-17 14:00:00:000000,"Undergraduate, Clearing"
University of Winchester,"Experience a clearing open day at University of Winchester, where you can review their last minute clearing spaces and opportunities! Follow the link and find out how you can book a place. Some of the clearing events offer walk in visits and booking is not necessary. Please check their website.",2018-08-20,9:30,14:00,transparent,Clearing Advice Day,Aberystwyth University Penglais Ceredigion SY23 3FL,364,off,opendays@winchester.ac.uk,+44 1962 827234,www.winchester.ac.uk,,,,,on,20 Aug - Booking Info,https://www.winchester.ac.uk/news-and-events/events/event-items/clearing-advice-day-20-august.php,3074,Hampshire,51.059422,-1.325991,August,University,university12.jpg,,200,off,South East England,University of Winchester,2018-08-20 09:30:00:000000,2018-08-20 14:00:00:000000,"Undergraduate, Clearing"
Aberystwyth University,"Experience a clearing open day at Aberystwyth University, where you can review their last minute clearing spaces and opportunities! Follow the link and find out how you can book a place. Some of the clearing events offer walk in visits and booking is not necessary. Please check their website.",2018-08-18,10:00,16:00,transparent,Clearing Open Day,Aberystwyth University Penglais Ceredigion SY23 3FL,364,off,marketing@aber.ac.uk,+44 1970 622065,www.aber.ac.uk,,,,,on,18 Aug - Booking Info,https://www.aber.ac.uk/en/undergrad/clearing/visit/,3075,Aberystwyth,52.418073,-4.065692,August,University,university13.jpg,,200,off,Wales,Aberystwyth University,2018-08-18 10:00:00:000000,2018-08-18 16:00:00:000000,"Undergraduate, Clearing"
Aberystwyth University,"Experience a clearing open day at Aberystwyth University, where you can review their last minute clearing spaces and opportunities! Follow the link and find out how you can book a place. Some of the clearing events offer walk in visits and booking is not necessary. Please check their website.",2018-08-19,10:00,16:00,transparent,Clearing Open Day,Aberystwyth University Penglais Ceredigion SY23 3FL,364,off,marketing@aber.ac.uk,+44 1970 622065,www.aber.ac.uk,,,,,on,19 Aug - Booking Info,https://www.aber.ac.uk/en/undergrad/clearing/visit/,3076,Aberystwyth,52.418073,-4.065692,August,University,university14.jpg,,200,off,Wales,Aberystwyth University,2018-08-19 10:00:00:000000,2018-08-19 16:00:00:000000,"Undergraduate, Clearing"
Aberystwyth University,"Experience a clearing open day at Aberystwyth University, where you can review their last minute clearing spaces and opportunities! Follow the link and find out how you can book a place. Some of the clearing events offer walk in visits and booking is not necessary. Please check their website.",2018-08-20,9:00,17:00,transparent,Clearing Open Day,Aberystwyth University Penglais Ceredigion SY23 3FL,364,off,marketing@aber.ac.uk,+44 1970 622065,www.aber.ac.uk,,,,,on,20 Aug - Booking Info,https://www.aber.ac.uk/en/undergrad/clearing/visit/,3078,Aberystwyth,52.418073,-4.065692,August,University,university16.jpg,,200,off,Wales,Aberystwyth University,2018-08-20 09:00:00:000000,2018-08-20 17:00:00:000000,"Undergraduate, Clearing"
Aberystwyth University,"Experience a clearing open day at Aberystwyth University, where you can review their last minute clearing spaces and opportunities! Follow the link and find out how you can book a place. Some of the clearing events offer walk in visits and booking is not necessary. Please check their website.",2018-08-22,9:00,17:00,transparent,Clearing Open Day,Aberystwyth University Penglais Ceredigion SY23 3FL,364,off,marketing@aber.ac.uk,+44 1970 622065,www.aber.ac.uk,,,,,on,22 Aug - Booking Info,https://www.aber.ac.uk/en/undergrad/clearing/visit/,3079,Aberystwyth,52.418073,-4.065692,August,University,university17.jpg,,200,off,Wales,Aberystwyth University,2018-08-22 09:00:00:000000,2018-08-22 17:00:00:000000,"Undergraduate, Clearing"
Aberystwyth University,"Experience a clearing open day at Aberystwyth University, where you can review their last minute clearing spaces and opportunities! Follow the link and find out how you can book a place. Some of the clearing events offer walk in visits and booking is not necessary. Please check their website.",2018-08-24,9:00,17:00,transparent,Clearing Open Day,Fern Barrow  Dorset BH12 5BB,364,off,marketing@aber.ac.uk,+44 1970 622065,www.aber.ac.uk,,,,,on,24 Aug - Booking Info,https://www.aber.ac.uk/en/undergrad/clearing/visit/,3080,Aberystwyth,52.418073,-4.065692,August,University,university18.jpg,,200,off,Wales,Aberystwyth University,2018-08-24 09:00:00:000000,2018-08-24 17:00:00:000000,"Undergraduate, Clearing"
Bournmouth University,"Experience a clearing open day at Bournmouth University, where you can review their last minute clearing spaces and opportunities! Follow the link and find out how you can book a place. Some of the clearing events offer walk in visits and booking is not necessary. Please check their website.",2018-08-18,11:00,15:00,transparent,Clearing Open Day,Fern Barrow  Dorset BH12 5BB,364,off,futurestudents@bournemouth.ac.uk,+44 1202 966777,www.bournemouth.ac.uk,,,,,on,18 Aug - Booking Info,https://www1.bournemouth.ac.uk/study/undergraduate/how-apply/clearing-adjustment/clearing-open-days,3081,Poole,50.742365,-1.8956355,August,University,university19.jpg,,200,off,South West England,Bournmouth University,2018-08-18 11:00:00:000000,2018-08-18 15:00:00:000000,"Undergraduate, Clearing"
Bournmouth University,"Experience a clearing open day at Bournmouth University, where you can review their last minute clearing spaces and opportunities! Follow the link and find out how you can book a place. Some of the clearing events offer walk in visits and booking is not necessary. Please check their website.",2018-08-22,11:00,15:00,transparent,Clearing Open Day,Fern Barrow  Dorset BH12 5BB,364,off,futurestudents@bournemouth.ac.uk,+44 1202 966777,www.bournemouth.ac.uk,,,,,on,22 Aug - Booking Info,https://www1.bournemouth.ac.uk/study/undergraduate/how-apply/clearing-adjustment/clearing-open-days,3082,Poole,50.742365,-1.8956355,August,University,university20.jpg,,200,off,South West England,Bournmouth University,2018-08-22 11:00:00:000000,2018-08-22 15:00:00:000000,"Undergraduate, Clearing"
Bournmouth University,"Experience a clearing open day at Bournmouth University, where you can review their last minute clearing spaces and opportunities! Follow the link and find out how you can book a place. Some of the clearing events offer walk in visits and booking is not necessary. Please check their website.",2018-08-17,11:00,15:00,transparent,Clearing Open Day,College Lane Campus  Hertfordshire AL10 9AB,364,off,futurestudents@bournemouth.ac.uk,+44 1202 966777,www.bournemouth.ac.uk,,,,,on,17 Aug - Booking Info,https://www1.bournemouth.ac.uk/study/undergraduate/how-apply/clearing-adjustment/clearing-open-days,3083,Poole,50.742365,-1.8956355,August,University,university21.jpg,,200,off,South West England,Bournmouth University,2018-08-17 11:00:00:000000,2018-08-17 15:00:00:000000,"Undergraduate, Clearing"
University of Hertfordshire,"Experience a clearing open day at University of Hertfordshire, where you can review their last minute clearing spaces and opportunities! Follow the link and find out how you can book a place. Some of the clearing events offer walk in visits and booking is not necessary. Please check their website.",2018-08-18,10:00,14:00,transparent,Clearing open day,College Lane Campus  Hertfordshire AL10 9AB,364,off,opendays@herts.ac.uk,+44 1707 284000,www.herts.ac.uk,,,,,on,18 Aug - Booking Info,https://www.herts.ac.uk/clearing/clearing-open-days-and-campus-tours,3084,Hertfordshire,51.7518204,-0.2387957,August,University,university22.jpg,,200,off,Eastern England,University of Hertfordshire,2018-08-18 10:00:00:000000,2018-08-18 14:00:00:000000,"Undergraduate, Clearing"
University of Hertfordshire,"Experience a clearing open day at University of Hertfordshire, where you can review their last minute clearing spaces and opportunities! Follow the link and find out how you can book a place. Some of the clearing events offer walk in visits and booking is not necessary. Please check their website.",2018-08-21,10:00,14:00,transparent,Clearing open day,Richmond Building Richmond Road West Yorkshire BD7 1DP,364,off,opendays@herts.ac.uk,+44 1707 284000,www.herts.ac.uk,,,,,on,21 Aug - Booking Info,https://www.herts.ac.uk/clearing/clearing-open-days-and-campus-tours,3085,Hertfordshire,51.7518204,-0.2387957,August,University,university23.jpg,,200,off,Hertfordshire,University of Hertfordshire,2018-08-21 10:00:00:000000,2018-08-21 14:00:00:000000,"Undergraduate, Clearing"
University of Bradford,"Experience a clearing open day at University of Bradford, where you can review their last minute clearing spaces and opportunities! Follow the link and find out how you can book a place. Some of the clearing events offer walk in visits and booking is not necessary. Please check their website.",2018-08-18,9:00,14:30,transparent,Clearing Open Day,Deane Road  Greater Manchester BL3 5AB,364,off,enquiries@bradford.ac.uk,+44 1274 232323,www.bradford.ac.uk,,,,,on,18 Aug - Booking Info,https://www.brad.ac.uk/clearing/clearing-open-day/,3086,Bradford,53.790788,-1.763463,August,University,university24.jpg,,200,off,Yorkshire and Humberside,University of Bradford,2018-08-18 09:00:00:000000,2018-08-18 14:30:00:000000,"Undergraduate, Clearing"
University of Bolton,"Experience a clearing open day at University of Bolton, where you can review their last minute clearing spaces and opportunities! Follow the link and find out how you can book a place. Some of the clearing events offer walk in visits and booking is not necessary. Please check their website.",2018-08-17,10:00,15:00,transparent,Clearing Open Day,Deane Road  Greater Manchester BL3 5AB,364,off,opendays@bolton.ac.uk,+44 1204 903807,www.bolton.ac.uk,,,,,on,17 Aug - Booking Info,http://www.bolton.ac.uk/opendays,3087,Bolton,53.572879,-2.437932,August,University,university25.jpg,,200,off,North West England,University of Bolton,2018-08-17 10:00:00:000000,2018-08-17 15:00:00:000000,"Undergraduate, Clearing"
University of Bolton,"Experience a clearing open day at University of Bolton, where you can review their last minute clearing spaces and opportunities! Follow the link and find out how you can book a place. Some of the clearing events offer walk in visits and booking is not necessary. Please check their website.",2018-08-18,10:00,15:00,transparent,Clearing Open Day,Penrhyn Road Campus Penrhyn Road Surrey KT1 2EE,364,off,opendays@bolton.ac.uk,+44 1204 903807,www.bolton.ac.uk,,,,,on,18 Aug - Booking Info,http://www.bolton.ac.uk/opendays,3091,Bolton,53.572879,-2.437932,August,University,university29.jpg,,200,off,North West England,University of Bolton,2018-08-18 10:00:00:000000,2018-08-18 15:00:00:000000,"Undergraduate, Clearing"
Kingston University,"Experience a clearing open day at Kingston University, where you can review their last minute clearing spaces and opportunities! Follow the link and find out how you can book a place. Some of the clearing events offer walk in visits and booking is not necessary. Please check their website.",2018-08-18,11:00,14:00,transparent,Clearing Open Day,UCB  West Midlands B3 1PW,364,off,events@kingston.ac.uk,+44 800 0483 334,www.kingston.ac.uk,,,,,on,18 Aug - Booking Info,https://www.kingston.ac.uk/undergraduate/courses/clearing/open-day/,3092,London,51.4032431,-0.3034882,August,University,university30.jpg,,200,off,London,Kingston University,2018-08-18 11:00:00:000000,2018-08-18 14:00:00:000000,"Undergraduate, Clearing"
University College Birmingham,"Experience a clearing open day at University College Birmingham, where you can review their last minute clearing spaces and opportunities! Follow the link and find out how you can book a place. Some of the clearing events offer walk in visits and booking is not necessary. Please check their website.",2018-08-17,13:00,14:30,transparent,Undergraduate Clearing,UCB  West Midlands B3 1PW,364,off,,+44 121 604 1040,www.ucb.ac.uk,,,,,on,17 Aug - Booking Info,https://www.ucb.ac.uk/our-courses/undergraduate/clearing/apply-through-clearing.aspx,3093,Birmingham,52.4825568,-1.9086318,August,University,university31.jpg,,200,off,West Midlands,University College Birmingham,2018-08-17 13:00:00:000000,2018-08-17 14:30:00:000000,"Undergraduate, Clearing"
University College Birmingham,"Experience a clearing open day at University College Birmingham, where you can review their last minute clearing spaces and opportunities! Follow the link and find out how you can book a place. Some of the clearing events offer walk in visits and booking is not necessary. Please check their website.",2018-08-21,9:00,14:00,transparent,Undergraduate Clearing,UCB  West Midlands B3 1PW,364,off,,+44 121 604 1040,www.ucb.ac.uk,,,,,on,21 Aug - Booking Info,https://www.ucb.ac.uk/our-courses/undergraduate/clearing/apply-through-clearing.aspx,3094,Birmingham,52.4825568,-1.9086318,August,University,university32.jpg,,200,off,West Midlands,University College Birmingham,2018-08-21 09:00:00:000000,2018-08-21 14:00:00:000000,"Undergraduate, Clearing"
University College Birmingham,"Experience a clearing open day at University College Birmingham, where you can review their last minute clearing spaces and opportunities! Follow the link and find out how you can book a place. Some of the clearing events offer walk in visits and booking is not necessary. Please check their website.",2018-08-24,13:00,14:30,transparent,Undergraduate Clearing,UCB  West Midlands B3 1PW,364,off,,+44 121 604 1040,www.ucb.ac.uk,,,,,on,24 Aug - Booking Info,https://www.ucb.ac.uk/our-courses/undergraduate/clearing/apply-through-clearing.aspx,3095,Birmingham,52.4825568,-1.9086318,August,University,university33.jpg,,200,off,West Midlands,University College Birmingham,2018-08-24 13:00:00:000000,2018-08-24 14:30:00:000000,"Undergraduate, Clearing"
University College Birmingham,"Experience a clearing open day at University College Birmingham, where you can review their last minute clearing spaces and opportunities! Follow the link and find out how you can book a place. Some of the clearing events offer walk in visits and booking is not necessary. Please check their website.",2018-08-29,13:00,14:30,transparent,Undergraduate Clearing,UCB  West Midlands B3 1PW,364,off,,+44 121 604 1040,www.ucb.ac.uk,,,,,on,29 Aug - Booking Info,https://www.ucb.ac.uk/our-courses/undergraduate/clearing/apply-through-clearing.aspx,3096,Birmingham,52.4825568,-1.9086318,August,University,university34.jpg,,200,off,West Midlands,University College Birmingham,2018-08-29 13:00:00:000000,2018-08-29 14:30:00:000000,"Undergraduate, Clearing"
University College Birmingham,"Experience a clearing open day at University College Birmingham, where you can review their last minute clearing spaces and opportunities! Follow the link and find out how you can book a place. Some of the clearing events offer walk in visits and booking is not necessary. Please check their website.",2018-08-31,13:00,14:30,transparent,Undergraduate Clearing,UCB  West Midlands B3 1PW,364,off,,+44 121 604 1040,www.ucb.ac.uk,,,,,on,31 Aug - Booking Info,https://www.ucb.ac.uk/our-courses/undergraduate/clearing/apply-through-clearing.aspx,3097,Birmingham,52.4825568,-1.9086318,August,University,university35.jpg,,200,off,West Midlands,University College Birmingham,2018-08-31 13:00:00:000000,2018-08-31 14:30:00:000000,"Undergraduate, Clearing"
University College Birmingham,"Experience a clearing open day at University College Birmingham, where you can review their last minute clearing spaces and opportunities! Follow the link and find out how you can book a place. Some of the clearing events offer walk in visits and booking is not necessary. Please check their website.",2018-09-04,13:00,14:30,transparent,Undergraduate Clearing,UCB  West Midlands B3 1PW,364,off,,+44 121 604 1040,www.ucb.ac.uk,,,,,on,04 Sep - Booking Info,https://www.ucb.ac.uk/our-courses/undergraduate/clearing/apply-through-clearing.aspx,3098,Birmingham,52.4825568,-1.9086318,September,University,university36.jpg,,200,off,West Midlands,University College Birmingham,2018-09-04 13:00:00:000000,2018-09-04 14:30:00:000000,"Undergraduate, Clearing"
University College Birmingham,"Experience a clearing open day at University College Birmingham, where you can review their last minute clearing spaces and opportunities! Follow the link and find out how you can book a place. Some of the clearing events offer walk in visits and booking is not necessary. Please check their website.",2018-09-05,13:00,14:30,transparent,Undergraduate Clearing,UCB  West Midlands B3 1PW,364,off,,+44 121 604 1040,www.ucb.ac.uk,,,,,on,05 Sep - Booking Info,https://www.ucb.ac.uk/our-courses/undergraduate/clearing/apply-through-clearing.aspx,3099,Birmingham,52.4825568,-1.9086318,September,University,university37.jpg,,200,off,West Midlands,University College Birmingham,2018-09-05 13:00:00:000000,2018-09-05 14:30:00:000000,"Undergraduate, Clearing"
University College Birmingham,"Experience a clearing open day at University College Birmingham, where you can review their last minute clearing spaces and opportunities! Follow the link and find out how you can book a place. Some of the clearing events offer walk in visits and booking is not necessary. Please check their website.",2018-09-07,13:00,14:30,transparent,Undergraduate Clearing,UCB  West Midlands B3 1PW,364,off,,+44 121 604 1040,www.ucb.ac.uk,,,,,on,07 Sep - Booking Info,https://www.ucb.ac.uk/our-courses/undergraduate/clearing/apply-through-clearing.aspx,3100,Birmingham,52.4825568,-1.9086318,September,University,university38.jpg,,200,off,West Midlands,University College Birmingham,2018-09-07 13:00:00:000000,2018-09-07 14:30:00:000000,"Undergraduate, Clearing"
University College Birmingham,"Experience a clearing open day at University College Birmingham, where you can review their last minute clearing spaces and opportunities! Follow the link and find out how you can book a place. Some of the clearing events offer walk in visits and booking is not necessary. Please check their website.",2018-09-11,13:00,14:30,transparent,Undergraduate Clearing,UCB  West Midlands B3 1PW,364,off,,+44 121 604 1040,www.ucb.ac.uk,,,,,on,11 Sep - Booking Info,https://www.ucb.ac.uk/our-courses/undergraduate/clearing/apply-through-clearing.aspx,3101,Birmingham,52.4825568,-1.9086318,September,University,university39.jpg,,200,off,West Midlands,University College Birmingham,2018-09-11 13:00:00:000000,2018-09-11 14:30:00:000000,"Undergraduate, Clearing"
University College Birmingham,"Experience a clearing open day at University College Birmingham, where you can review their last minute clearing spaces and opportunities! Follow the link and find out how you can book a place. Some of the clearing events offer walk in visits and booking is not necessary. Please check their website.",2018-09-12,13:00,14:30,transparent,Undergraduate Clearing,UCB  West Midlands B3 1PW,364,off,,+44 121 604 1040,www.ucb.ac.uk,,,,,on,12 Sep - Booking Info,https://www.ucb.ac.uk/our-courses/undergraduate/clearing/apply-through-clearing.aspx,3102,Birmingham,52.4825568,-1.9086318,September,University,university40.jpg,,200,off,West Midlands,University College Birmingham,2018-09-12 13:00:00:000000,2018-09-12 14:30:00:000000,"Undergraduate, Clearing"
University College Birmingham,"Experience a clearing open day at University College Birmingham, where you can review their last minute clearing spaces and opportunities! Follow the link and find out how you can book a place. Some of the clearing events offer walk in visits and booking is not necessary. Please check their website.",2018-09-14,13:00,14:30,transparent,Undergraduate Clearing,UCB  West Midlands B3 1PW,364,off,,+44 121 604 1040,www.ucb.ac.uk,,,,,on,14 Sep - Booking Info,https://www.ucb.ac.uk/our-courses/undergraduate/clearing/apply-through-clearing.aspx,3103,Birmingham,52.4825568,-1.9086318,September,University,university41.jpg,,200,off,West Midlands,University College Birmingham,2018-09-14 13:00:00:000000,2018-09-14 14:30:00:000000,"Undergraduate, Clearing"
University College Birmingham,"Experience a clearing open day at University College Birmingham, where you can review their last minute clearing spaces and opportunities! Follow the link and find out how you can book a place. Some of the clearing events offer walk in visits and booking is not necessary. Please check their website.",2018-09-18,13:00,14:30,transparent,Undergraduate Clearing,UCB  West Midlands B3 1PW,364,off,,+44 121 604 1040,www.ucb.ac.uk,,,,,on,18 Sep - Booking Info,https://www.ucb.ac.uk/our-courses/undergraduate/clearing/apply-through-clearing.aspx,3104,Birmingham,52.4825568,-1.9086318,September,University,university43.jpg,,200,off,West Midlands,University College Birmingham,2018-09-18 13:00:00:000000,2018-09-18 14:30:00:000000,"Undergraduate, Clearing"
University College Birmingham,"Experience a clearing open day at University College Birmingham, where you can review their last minute clearing spaces and opportunities! Follow the link and find out how you can book a place. Some of the clearing events offer walk in visits and booking is not necessary. Please check their website.",2018-09-19,13:00,14:30,transparent,Undergraduate Clearing,UCB  West Midlands B3 1PW,364,off,,+44 121 604 1040,www.ucb.ac.uk,,,,,on,19 Sep - Booking Info,https://www.ucb.ac.uk/our-courses/undergraduate/clearing/apply-through-clearing.aspx,3105,Birmingham,52.4825568,-1.9086318,September,University,university44.jpg,,200,off,West Midlands,University College Birmingham,2018-09-19 13:00:00:000000,2018-09-19 14:30:00:000000,"Undergraduate, Clearing"
University College Birmingham,"Experience a clearing open day at University College Birmingham, where you can review their last minute clearing spaces and opportunities! Follow the link and find out how you can book a place. Some of the clearing events offer walk in visits and booking is not necessary. Please check their website.",2018-09-21,13:00,14:30,transparent,Undergraduate Clearing,43 Crescent  Greater Manchester M5 4WT,364,off,,+44 121 604 1040,www.ucb.ac.uk,,,,,on,21 Sep - Booking Info,https://www.ucb.ac.uk/our-courses/undergraduate/clearing/apply-through-clearing.aspx,3106,Birmingham,52.4825568,-1.9086318,September,University,university45.jpg,,200,off,West Midlands,University College Birmingham,2018-09-21 13:00:00:000000,2018-09-21 14:30:00:000000,"Undergraduate, Clearing"
University of Salford,"Experience a clearing open day at University of Salford, where you can review their last minute clearing spaces and opportunities! Follow the link and find out how you can book a place. Some of the clearing events offer walk in visits and booking is not necessary. Please check their website.",2018-08-18,10:00,15:00,transparent,Clearing Visit Day,Riverside New Bailey street Gt Manchester M3 5FS,364,off,,+44 161 295 5000,www.salford.ac.uk,,,,,on,18 Aug - Booking Info,https://www.salford.ac.uk/clearing,3107,Salford,53.484586,-2.270755,August,University,university46.jpg,,200,off,North East England,University of Salford,2018-08-18 10:00:00:000000,2018-08-18 15:00:00:000000,"Undergraduate, Clearing"
Futureworks,"Experience a clearing open day at Futureworks, where you can review their last minute clearing spaces and opportunities! Follow the link and find out how you can book a place. Some of the clearing events offer walk in visits and booking is not necessary. Please check their website.",2018-08-18,12:00,16:00,transparent,Clearing Open Day Event,Lordship Road  Essex CM1 3RR,364,off,,+44 1612144600,www.futureworks.ac.uk,,,,,on,18 Aug - Booking Info,http://futureworks.ac.uk/about/attend-an-open-day,3108,Manchester,53.4823117,-2.2533648,August,University,university47.jpg,,200,off,North West England,Futureworks,2018-08-18 12:00:00:000000,2018-08-18 16:00:00:000000,"Undergraduate, Clearing"
Writtle University College,"Experience a clearing open day at Writtle University College, where you can review their last minute clearing spaces and opportunities! Follow the link and find out how you can book a place. Some of the clearing events offer walk in visits and booking is not necessary. Please check their website.",2018-08-22,10:00,14:00,transparent,Clearing Open Day,Augustine House Rhodaus Town Kent CT1 2YA,364,off,,+44 1245 424200,www.writtle.ac.uk,,,,,on,22 Aug - Booking Info,http://writtle.ac.uk/Clearing,3109,Essex,51.736605,0.427964,August,University,university48.jpg,,200,off,South East England,Writtle University College,2018-08-22 10:00:00:000000,2018-08-22 14:00:00:000000,"Undergraduate, Clearing"
Canterbury Christ Church University,"Experience a clearing open day at Canterbury Christ Church University, where you can review their last minute clearing spaces and opportunities! Follow the link and find out how you can book a place. Some of the clearing events offer walk in visits and booking is not necessary. Please check their website.",2018-08-18,11:00,14:00,transparent,Clearing Open Day,Drake Circus  Devon PL4 8AA,364,off,opendays@canterbury.ac.uk,+44 1227 928000,www.canterbury.ac.uk,,,,,on,18 Aug - Booking Info,http://www.canterbury.ac.uk/opendays,3111,Canterbury,51.2748935,1.0809698,August,University,university50.jpg,,200,off,South East England,Canterbury Christ Church University,2018-08-18 11:00:00:000000,2018-08-18 14:00:00:000000,"Undergraduate, Clearing"
University of Plymouth,"Experience a clearing open day at University of Plymouth, where you can review their last minute clearing spaces and opportunities! Follow the link and find out how you can book a place. Some of the clearing events offer walk in visits and booking is not necessary. Please check their website.",2018-08-19,11:00,15:00,transparent,Confirmation and Clearing Information Day,Hartpury House  Gloucestershire GL19 3BE,364,off,studentrecruitment@plymouth.ac.uk,+44 1752 585858,www.plymouth.ac.uk,,,,,on,19 Aug - Booking Info,https://www.plymouth.ac.uk/study/clearing/information-day,3112,Plymouth,50.3759061,-4.1395777,August,University,university51.jpg,,200,off,South West England,University of Plymouth,2018-08-19 11:00:00:000000,2018-08-19 15:00:00:000000,"Undergraduate, Clearing"
University Centre Hartpury,"Experience a clearing open day at University Centre Hartpury, where you can review their last minute clearing spaces and opportunities! Follow the link and find out how you can book a place. Some of the clearing events offer walk in visits and booking is not necessary. Please check their website.",2018-08-17,14:00,16:00,transparent,Clearing Open Day,Hartpury House  Gloucestershire GL19 3BE,364,off,,+44 1452 702333,www.hartpury.ac.uk,,,,,on,17 Aug - Booking Info,https://www.hartpury.ac.uk/university-centre/clearing/clearing-discover-events/,3113,Gloucestershire,51.904883,-2.310476,August,University,university52.jpg,,200,off,South West England,University Centre Hartpury,2018-08-17 14:00:00:000000,2018-08-17 16:00:00:000000,"Undergraduate, Clearing"
University Centre Hartpury,"Experience a clearing open day at University Centre Hartpury, where you can review their last minute clearing spaces and opportunities! Follow the link and find out how you can book a place. Some of the clearing events offer walk in visits and booking is not necessary. Please check their website.",2018-08-18,10:00,12:00,transparent,Clearing Open Day,Newton Park Newton St Loe Bath and North East Somerset BA2 9BN,364,off,,+44 1452 702333,www.hartpury.ac.uk,,,,,on,18 Aug - Booking Info,https://www.hartpury.ac.uk/university-centre/clearing/clearing-discover-events/,3114,Gloucestershire,51.904883,-2.310476,August,University,university53.jpg,,200,off,South West England,University Centre Hartpury,2018-08-18 10:00:00:000000,2018-08-18 12:00:00:000000,"Undergraduate, Clearing"
Bath Spa University,"Experience a clearing open day at Bath Spa University, where you can review their last minute clearing spaces and opportunities! Follow the link and find out how you can book a place. Some of the clearing events offer walk in visits and booking is not necessary. Please check their website.",2018-08-17,13:00,16:00,transparent,Clearing Talk and Tour,Llantwit Road Treforest Rhondda Cynon Taff CF37 1DL,364,off,enquiries@bathspa.ac.uk,+44 1225 875875,www.bathspa.ac.uk,,,,,on,17 Aug - Booking Info,https://www.bathspa.ac.uk/clearing/,3115,Bath,51.3755553,-2.4382603,August,University,university54.jpg,,200,off,South West England,Bath Spa University,2018-08-17 13:00:00:000000,2018-08-17 16:00:00:000000,"Undergraduate, Clearing"
University of South Wales,"Experience a clearing open day at University of South Wales, where you can review their last minute clearing spaces and opportunities! Follow the link and find out how you can book a place. Some of the clearing events offer walk in visits and booking is not necessary. Please check their website.",2018-08-18,10:00,13:00,transparent,Clearing Open Day  - Pontypridd,86-88 Adam Street  Cardiff CF24 2FN,364,off,enquiries@southwales.ac.uk,+44 3455 76 77 78,www.southwales.ac.uk,,,,,on,18 Aug - Booking Info,http://www.southwales.ac.uk/clearing,3118,Pontypridd,51.5878872,-3.3245713,August,University,university57.jpg,,200,off,Wales,University of South Wales,2018-08-18 10:00:00:000000,2018-08-18 13:00:00:000000,"Undergraduate, Clearing"
University of South Wales,"Experience a clearing open day at University of South Wales, where you can review their last minute clearing spaces and opportunities! Follow the link and find out how you can book a place. Some of the clearing events offer walk in visits and booking is not necessary. Please check their website.",2018-08-18,10:00,13:00,transparent,Clearing Open Day  - Cardiff,Usk Way  Newport NP20 2BP,364,off,enquiries@southwales.ac.uk,+44 3455 76 77 78,www.southwales.ac.uk,,,,,on,18 Aug - Booking Info,http://www.southwales.ac.uk/clearing,3119,Cardiff,51.47901,-3.169362,August,University,university58.jpg,,200,off,Wales,University of South Wales,2018-08-18 10:00:00:000000,2018-08-18 13:00:00:000000,"Undergraduate, Clearing"
University of South Wales,"Experience a clearing open day at University of South Wales, where you can review their last minute clearing spaces and opportunities! Follow the link and find out how you can book a place. Some of the clearing events offer walk in visits and booking is not necessary. Please check their website.",2018-08-18,10:00,13:00,transparent,Clearing Open Day - Newport,Llantwit Road Treforest Rhondda Cynon Taff CF37 1DL,364,off,enquiries@southwales.ac.uk,+44 3455 76 77 78,www.southwales.ac.uk,,,,,on,18 Aug - Booking Info,http://www.southwales.ac.uk/clearing,3120,Shropshire,51.5858128,-2.9901155,August,University,university59.jpg,,200,off,Wales,University of South Wales,2018-08-18 10:00:00:000000,2018-08-18 13:00:00:000000,"Undergraduate, Clearing"
University of South Wales,"Experience a clearing open day at University of South Wales, where you can review their last minute clearing spaces and opportunities! Follow the link and find out how you can book a place. Some of the clearing events offer walk in visits and booking is not necessary. Please check their website.",2018-08-23,15:00,18:00,transparent,Clearing Open Day - Pontypridd,Usk Way  Newport NP20 2BP,364,off,enquiries@southwales.ac.uk,+44 3455 76 77 78,www.southwales.ac.uk,,,,,on,23 Aug - Booking Info,http://www.southwales.ac.uk/clearing,3121,Pontypridd,51.5878872,-3.3245713,August,University,university60.jpg,,200,off,Rhondda Cynon Taff,University of South Wales,2018-08-23 15:00:00:000000,2018-08-23 18:00:00:000000,"Undergraduate, Clearing"
University of South Wales,"Experience a clearing open day at University of South Wales, where you can review their last minute clearing spaces and opportunities! Follow the link and find out how you can book a place. Some of the clearing events offer walk in visits and booking is not necessary. Please check their website.",2018-08-23,15:00,18:00,transparent,Clearing Open Day - Newport,86-88 Adam Street  Cardiff CF24 2FN,364,off,enquiries@southwales.ac.uk,+44 3455 76 77 78,www.southwales.ac.uk,,,,,on,23 Aug - Booking Info,http://www.southwales.ac.uk/clearing,3122,Shropshire,51.5858128,-2.9901155,August,University,university61.jpg,,200,off,Wales,University of South Wales,2018-08-23 15:00:00:000000,2018-08-23 18:00:00:000000,"Undergraduate, Clearing"
University of South Wales,"Experience a clearing open day at University of South Wales, where you can review their last minute clearing spaces and opportunities! Follow the link and find out how you can book a place. Some of the clearing events offer walk in visits and booking is not necessary. Please check their website.",2018-08-23,15:00,18:00,transparent,Clearing Open Day - Cardiff,Redmonds Building Brownlow Hill Merseyside L3 5UG,364,off,enquiries@southwales.ac.uk,+44 3455 76 77 78,www.southwales.ac.uk,,,,,on,23 Aug - Booking Info,http://www.southwales.ac.uk/clearing,3123,Cardiff,51.47901,-3.169362,August,University,university62.jpg,,200,off,Wales,University of South Wales,2018-08-23 15:00:00:000000,2018-08-23 18:00:00:000000,"Undergraduate, Clearing"
Liverpool John Moores University,"Experience a clearing open day at Liverpool John Moores University, where you can review their last minute clearing spaces and opportunities! Follow the link and find out how you can book a place. Some of the clearing events offer walk in visits and booking is not necessary. Please check their website.",2018-08-18,10:00,15:00,transparent,Clearing Open Day,Online  Online Online,364,off,,+44 1512315090,www.ljmu.ac.uk,,,,,on,18 Aug - Booking Info,https://www.ljmu.ac.uk/clearing,3124,Liverpool,53.4051238,-2.9725177,August,University,university63.jpg,,200,off,North West England,Liverpool John Moores University,2018-08-18 10:00:00:000000,2018-08-18 15:00:00:000000,"Undergraduate, Clearing"
Bournmouth University,"Experience a clearing open day at Bournmouth University, where you can review their last minute clearing spaces and opportunities! Follow the link and find out how you can book a place. Some of the clearing events offer walk in visits and booking is not necessary. Please check their website.",2018-08-17,11:40,12:40,transparent,Virtual Clearing Open Day,"Music Box, 241 Union Street Southwark Greater London SE1 0LR",364,off,futurestudents@bournemouth.ac.uk,+44 1202 961916,www.bournemouth.ac.uk,,,,,on,17 Aug - Booking Info,https://www1.bournemouth.ac.uk/study/undergraduate/clearing/clearing-open-days,3125,Online,50.742365,-1.8956355,August,University,university64.jpg,,200,off,Online,Bournmouth University,2018-08-17 11:40:00:000000,2018-08-17 :00:000000,"Undergraduate, Clearing"
London College of Creative Media,"Experience a clearing open day at LCCM, where you can review their last minute clearing spaces and opportunities! Follow the link and find out how you can book a place. Some of the clearing events offer walk in visits and booking is not necessary. Please check their website.",2018-08-18,10:30,16:30,transparent,Clearing Open Day,St Mary's Road  London W5 5RF,364,off,contact@lccm.org.uk,+44 203 535 1402,www.lccm.org.uk,,,,,on,18 Aug - Booking Info,https://lccm.org.uk/open-days/,3127,London,51.5035341,-0.1024311,August,University,university66.jpg,,200,off,London,London College of Creative Media,2018-08-18 10:30:00:000000,2018-08-18 16:30:00:000000,"Undergraduate, Clearing"
University of West London,"Experience a clearing open day at University of West London, where you can review their last minute clearing spaces and opportunities! Follow the link and find out how you can book a place. Some of the clearing events offer walk in visits and booking is not necessary. Please check their website.",2018-08-18,12:00,16:00,transparent,Clearing Advice day,Norwich research Park  Norfolk NR4 7TJ,364,off,,+44 800 036 8888,www.uwl.a.c.uk,,,,,on,18 Aug - Booking Info,http://uwl.ac.uk/clearing,3128,London,51.5068804,-0.3033577,August,University,university67.jpg,,200,off,London,University of West London,2018-08-18 12:00:00:000000,2018-08-18 16:00:00:000000,"Undergraduate, Clearing"
University of East Anglia,"Experience a clearing open day at University of East Anglia, where you can review their last minute clearing spaces and opportunities! Follow the link and find out how you can book a place. Some of the clearing events offer walk in visits and booking is not necessary. Please check their website.",2018-08-17,9:00,16:00,transparent,Clearing Open Day,Norwich research Park  Norfolk NR4 7TJ,364,off,opendays@uea.ac.uk,+44 1603 593251,www.uea.ac.uk,,,,,on,17 Aug - Booking Info,https://www2.uea.ac.uk/study/undergraduate/apply/clearing-and-adjustment/open-days,3129,Norfolk,52.6219215,1.2391761,August,University,university68.jpg,,200,off,Eastern England,University of East Anglia,2018-08-17 09:00:00:000000,2018-08-17 16:00:00:000000,"Undergraduate, Clearing"
University of East Anglia,"Experience a clearing open day at University of East Anglia, where you can review their last minute clearing spaces and opportunities! Follow the link and find out how you can book a place. Some of the clearing events offer walk in visits and booking is not necessary. Please check their website.",2018-08-18,9:00,16:00,transparent,Clearing Open Day,University Road  Leicestershire LE1 7RH,364,off,opendays@uea.ac.uk,+44 1603593251,www.uea.ac.uk,,,,,on,18 Aug - Booking Info,https://www2.uea.ac.uk/study/undergraduate/apply/clearing-and-adjustment/open-days,3130,Norfolk,52.6219215,1.2391761,August,University,university69.jpg,,200,off,Eastern England,University of East Anglia,2018-08-18 09:00:00:000000,2018-08-18 16:00:00:000000,"Undergraduate, Clearing"
University of Leicester,"Experience a clearing open day at University of Leicester, where you can review their last minute clearing spaces and opportunities! Follow the link and find out how you can book a place. Some of the clearing events offer walk in visits and booking is not necessary. Please check their website.",2018-08-18,9:00,16:00,transparent,Clering Open Day,"Music Box, 241 Union Street  Greater London SE1 0LR",364,off,study@le.ac.uk,+44 116 252 2674,www.le.ac.uk,,,,,on,18 Aug - Booking Info,https://le.ac.uk/study/undergraduates/open-days,3131,Leicester,52.6211393,-1.1246325,August,University,university70.jpg,,200,off,East Midlands,University of Leicester,2018-08-18 09:00:00:000000,2018-08-18 16:00:00:000000,"Undergraduate, Clearing"
London College of Creative Media,"Experience a clearing open day at LCCM, where you can review their last minute clearing spaces and opportunities! Follow the link and find out how you can book a place. Some of the clearing events offer walk in visits and booking is not necessary. Please check their website.",2018-08-18,10:30,16:00,transparent,Clearing drop-in sessions,Newport  Shropshire TF10 8NB,364,off,contact@lccm.org.uk,+44 203 535 1402,www.lccm.org.uk,,,,,on,18 Aug - Booking Info,https://lccm.org.uk/,3132,London,51.5035341,-0.1024311,August,University,university71.jpg,,200,off,London,London College of Creative Media,NA :00:000000,NA :00:000000,"Undergraduate, Clearing"
Harper Adams University,"Experience a clearing open day at Harper Adams University, where you can review their last minute clearing spaces and opportunities! Follow the link and find out how you can book a place. Some of the clearing events offer walk in visits and booking is not necessary. Please check their website.",2018-08-17,11:00,15:00,transparent,Clearing Open Day,Norwich research Park  Norfolk NR4 7TJ,364,off,,+44 1952 815000,www.harper-adams.ac.uk,,,,,on,17 Aug - Booking Info,https://www.harper-adams.ac.uk/events/event.cfm?id=202,3133,Shropshire,52.7794512,-2.4271346,August,University,university72.jpg,,200,off,West Midlands,Harper Adams University,2018-08-17 11:00:00:000000,2018-08-17 15:00:00:000000,"Undergraduate, Clearing"
University of East Anglia,"Experience a clearing open day at University of East Anglia, where you can review their last minute clearing spaces and opportunities! Follow the link and find out how you can book a place. Some of the clearing events offer walk in visits and booking is not necessary. Please check their website.",2018-08-17,11:00,15:00,transparent,Clearing Campus Tours,Gipsy Lane Headington Oxfordshire OX3 0BP,364,off,opendays@uea.ac.uk,+44 1603593251,www.uea.ac.uk,,,,,on,17 Aug - Booking Info,https://www.uea.ac.uk/study/undergraduate/visit/campus-tours,3136,Norfolk,52.6219215,1.2391761,August,University,university76.jpg,,200,off,Eastern England,University of East Anglia,2018-08-17 11:00:00:000000,2018-08-17 15:00:00:000000,"Undergraduate, Clearing"
Oxford Brookes University,"Experience a clearing open day at Oxford Brookes University, where you can review their last minute clearing spaces and opportunities! Follow the link and find out how you can book a place. Some of the clearing events offer walk in visits and booking is not necessary. Please check their website.",2018-08-18,10:00,15:00,transparent,Clearing Open Day,Fylde Road  Lancashire PR1 2HE,364,off,uniopenday@brookes.ac.uk,+44 1865 484848,www.brookes.ac.uk,,,,,on,18 Aug - Booking Info,https://www.brookes.ac.uk/studying-at-brookes/clearing/,3137,Oxfordshire,51.7541674,-1.2238864,August,University,university77.jpg,,200,off,South East England,Oxford Brookes University,2018-08-18 10:00:00:000000,2018-08-18 15:00:00:000000,"Undergraduate, Clearing"
University of Central Lancashire,"Experience a clearing open day at University of Central Lancashire, where you can review their last minute clearing spaces and opportunities! Follow the link and find out how you can book a place. Some of the clearing events offer walk in visits and booking is not necessary. Please check their website.",2018-08-18,10:00,16:00,transparent,Clearing Open Day,Fylde Road  Lancashire PR1 2HE,364,off,,+44 1772 201201,www.uclan.ac.uk,,,,,on,18 Aug - Booking Info,https://www.uclan.ac.uk,3138,Lancashire,53.7645034,-2.7083505,August,University,university78.jpg,,200,off,North West England,University of Central Lancashire,2018-08-18 10:00:00:000000,2018-08-18 16:00:00:000000,"Undergraduate, Clearing"
University of Central Lancashire,"Experience a clearing open day at University of Central Lancashire, where you can review their last minute clearing spaces and opportunities! Follow the link and find out how you can book a place. Some of the clearing events offer walk in visits and booking is not necessary. Please check their website.",2018-08-19,10:00,16:00,transparent,Clearing Open Day,Norwich research Park  Norfolk NR4 7TJ,364,off,,+44 1772 201201,www.uclan.ac.uk,,,,,on,19 Aug - Booking Info,https://www.uclan.ac.uk,3139,Lancashire,53.7645034,-2.7083505,August,University,university79.jpg,,200,off,North West England,University of Central Lancashire,2018-08-19 10:00:00:000000,2018-08-19 16:00:00:000000,"Undergraduate, Clearing"
University of East Anglia,"Experience a clearing open day at University of East Anglia, where you can review their last minute clearing spaces and opportunities! Follow the link and find out how you can book a place. Some of the clearing events offer walk in visits and booking is not necessary. Please check their website.",2018-08-19,12:00,13:30,transparent,Clearing Campus Tours,Norwich research Park  Norfolk NR4 7TJ,364,off,campustours@uea.ac.uk,+44 1603593251,www.uea.ac.uk,,,,,on,19 Aug - Booking Info,https://www.uea.ac.uk/study/undergraduate/visit/campus-tours,3140,Norfolk,52.6219215,1.2391761,August,University,university80.jpg,,200,off,Eastern England,University of East Anglia,2018-08-19 12:00:00:000000,2018-08-19 13:30:00:000000,"Undergraduate, Clearing"
University of East Anglia,"Experience a clearing open day at University of East Anglia, where you can review their last minute clearing spaces and opportunities! Follow the link and find out how you can book a place. Some of the clearing events offer walk in visits and booking is not necessary. Please check their website.",2018-08-19,14:00,15:30,transparent,Clearing Campus Tours,Harper Adams University  Shropshire TF10 8NB,364,off,campustours@uea.ac.uk,+44 1603593251,www.uea.ac.uk,,,,,on,19 Aug - Booking Info,https://www.uea.ac.uk/study/undergraduate/visit/campus-tours,3141,Norfolk,52.6219215,1.2391761,August,University,university81.jpg,,200,off,Eastern England,University of East Anglia,2018-08-19 14:00:00:000000,2018-08-19 15:30:00:000000,"Undergraduate, Clearing"
Harper Adams University,"Experience a clearing open day at Harper Adams University, where you can review their last minute clearing spaces and opportunities! Follow the link and find out how you can book a place. Some of the clearing events offer walk in visits and booking is not necessary. Please check their website.",2018-08-20,11:00,15:00,transparent,Clearing Open Day,Norwich research Park  Norfolk NR4 7TJ,364,off,,+44 1952 815000,www.harper-adams.ac.uk,,,,,on,20 Aug - Booking Info,https://www.harper-adams.ac.uk/events/event.cfm?id=113,3142,Shropshire,52.7794512,-2.4271346,August,University,university82.jpg,,200,off,West Midlands,Harper Adams University,2018-08-20 11:00:00:000000,2018-08-20 15:00:00:000000,"Undergraduate, Clearing"
University of East Anglia,"Experience a clearing open day at University of East Anglia, where you can review their last minute clearing spaces and opportunities! Follow the link and find out how you can book a place. Some of the clearing events offer walk in visits and booking is not necessary. Please check their website.",2018-08-20,12:00,13:30,transparent,Clearing Campus Tours,Norwich research Park  Norfolk NR4 7TJ,364,off,campustours@uea.ac.uk,+44 1603593251,www.uea.ac.uk,,,,,on,20 Aug - Booking Info,https://www.uea.ac.uk/study/undergraduate/visit/campus-tours,3143,Norfolk,52.6219215,1.2391761,August,University,university84.jpg,,200,off,Eastern England,University of East Anglia,2018-08-20 12:00:00:000000,2018-08-20 13:30:00:000000,"Undergraduate, Clearing"
University of East Anglia,"Experience a clearing open day at University of East Anglia, where you can review their last minute clearing spaces and opportunities! Follow the link and find out how you can book a place. Some of the clearing events offer walk in visits and booking is not necessary. Please check their website.",2018-08-20,14:00,15:30,transparent,Clearing Campus Tours,Norwich research Park  Norfolk NR4 7TJ,364,off,campustours@uea.ac.uk,+44 1603593251,www.uea.ac.uk,,,,,on,20 Aug - Booking Info,https://www.uea.ac.uk/study/undergraduate/visit/campus-tours,3144,Norfolk,52.6219215,1.2391761,August,University,university85.jpg,,200,off,Eastern England,University of East Anglia,2018-08-20 14:00:00:000000,2018-08-20 15:30:00:000000,"Undergraduate, Clearing"
University of East Anglia,"Experience a clearing open day at University of East Anglia, where you can review their last minute clearing spaces and opportunities! Follow the link and find out how you can book a place. Some of the clearing events offer walk in visits and booking is not necessary. Please check their website.",2018-08-21,12:00,13:30,transparent,Clearing Campus Tours,Norwich research Park  Norfolk NR4 7TJ,364,off,campustours@uea.ac.uk,+44 1603593251,www.uea.ac.uk,,,,,on,21 Aug - Booking Info,https://www.uea.ac.uk/study/undergraduate/visit/campus-tours,3145,Norfolk,52.6219215,1.2391761,August,University,university86.jpg,,200,off,Eastern England,University of East Anglia,2018-08-21 12:00:00:000000,2018-08-21 13:30:00:000000,"Undergraduate, Clearing"
University of East Anglia,"Experience a clearing open day at University of East Anglia, where you can review their last minute clearing spaces and opportunities! Follow the link and find out how you can book a place. Some of the clearing events offer walk in visits and booking is not necessary. Please check their website.",2018-08-21,14:00,15:30,transparent,Clearing Campus Tours,Norwich research Park  Norfolk NR4 7TJ,364,off,campustours@uea.ac.uk,+44 1603593251,www.uea.ac.uk,,,,,on,21 Aug - Booking Info,https://www.uea.ac.uk/study/undergraduate/visit/campus-tours,3146,Norfolk,52.6219215,1.2391761,August,University,university87.jpg,,200,off,Eastern England,University of East Anglia,2018-08-21 14:00:00:000000,2018-08-21 15:30:00:000000,"Undergraduate, Clearing"
University of East Anglia,"Experience a clearing open day at University of East Anglia, where you can review their last minute clearing spaces and opportunities! Follow the link and find out how you can book a place. Some of the clearing events offer walk in visits and booking is not necessary. Please check their website.",2018-08-22,12:00,13:30,transparent,Clearing Campus Tours,Norwich research Park  Norfolk NR4 7TJ,364,off,campustours@uea.ac.uk,+44 1603593251,www.uea.ac.uk,,,,,on,22 Aug - Booking Info,https://www.uea.ac.uk/study/undergraduate/visit/campus-tours,3147,Norfolk,52.6219215,1.2391761,August,University,university89.jpg,,200,off,Eastern England,University of East Anglia,2018-08-22 12:00:00:000000,2018-08-22 13:30:00:000000,"Undergraduate, Clearing"
University of East Anglia,"Experience a clearing open day at University of East Anglia, where you can review their last minute clearing spaces and opportunities! Follow the link and find out how you can book a place. Some of the clearing events offer walk in visits and booking is not necessary. Please check their website.",2018-08-22,14:00,15:30,transparent,Clearing Campus Tours,Norwich research Park  Norfolk NR4 7TJ,364,off,campustours@uea.ac.uk,+44 1603593251,www.uea.ac.uk,,,,,on,22 Aug - Booking Info,https://www.uea.ac.uk/study/undergraduate/visit/campus-tours,3148,Norfolk,52.6219215,1.2391761,August,University,university90.jpg,,200,off,Eastern England,University of East Anglia,2018-08-22 14:00:00:000000,2018-08-22 15:30:00:000000,"Undergraduate, Clearing"
University of East Anglia,"Experience a clearing open day at University of East Anglia, where you can review their last minute clearing spaces and opportunities! Follow the link and find out how you can book a place. Some of the clearing events offer walk in visits and booking is not necessary. Please check their website.",2018-08-23,12:00,13:30,transparent,Clearing Campus Tours,Norwich research Park  Norfolk NR4 7TJ,364,off,campustours@uea.ac.uk,+44 1603593251,www.uea.ac.uk,,,,,on,23 Aug - Booking Info,https://www.uea.ac.uk/study/undergraduate/visit/campus-tours,3149,Norfolk,52.6219215,1.2391761,August,University,university91.jpg,,200,off,Eastern England,University of East Anglia,2018-08-23 12:00:00:000000,2018-08-23 13:30:00:000000,"Undergraduate, Clearing"
University of East Anglia,"Experience a clearing open day at University of East Anglia, where you can review their last minute clearing spaces and opportunities! Follow the link and find out how you can book a place. Some of the clearing events offer walk in visits and booking is not necessary. Please check their website.",2018-08-23,14:00,15:30,transparent,Clearing Campus Tours,Norwich research Park  Norfolk NR4 7TJ,364,off,campustours@uea.ac.uk,+44 1603593251,www.uea.ac.uk,,,,,on,23 Aug - Booking Info,https://www.uea.ac.uk/study/undergraduate/visit/campus-tours,3150,Norfolk,52.6219215,1.2391761,August,University,university92.jpg,,200,off,Eastern England,University of East Anglia,2018-08-23 14:00:00:000000,2018-08-23 15:30:00:000000,"Undergraduate, Clearing"
University of East Anglia,"Experience a clearing open day at University of East Anglia, where you can review their last minute clearing spaces and opportunities! Follow the link and find out how you can book a place. Some of the clearing events offer walk in visits and booking is not necessary. Please check their website.",2018-08-24,12:00,13:30,transparent,Clearing Campus Tours,Norwich research Park  Norfolk NR4 7TJ,364,off,campustours@uea.ac.uk,+44 1603593251,www.uea.ac.uk,,,,,on,24 Aug - Booking Info,https://www.uea.ac.uk/study/undergraduate/visit/campus-tours,3151,Norfolk,52.6219215,1.2391761,August,University,university93.jpg,,200,off,Eastern England,University of East Anglia,2018-08-24 12:00:00:000000,2018-08-24 13:30:00:000000,"Undergraduate, Clearing"
University of East Anglia,"Experience a clearing open day at University of East Anglia, where you can review their last minute clearing spaces and opportunities! Follow the link and find out how you can book a place. Some of the clearing events offer walk in visits and booking is not necessary. Please check their website.",2018-08-24,14:00,15:30,transparent,Clearing Campus Tours,Singleton Park  Swansea SA28PP,364,off,campustours@uea.ac.uk,+44 1603593251,www.uea.ac.uk,,,,,on,24 Aug - Booking Info,,3152,Norfolk,52.6219215,1.2391761,August,University,university94.jpg,,200,off,Eastern England,University of East Anglia,2018-08-24 14:00:00:000000,2018-08-24 15:30:00:000000,"Undergraduate, Clearing"
Swansea University,"Experience a clearing open day at Swansea University, where you can review their last minute clearing spaces and opportunities! Follow the link and find out how you can book a place. Some of the clearing events offer walk in visits and booking is not necessary. Please check their website.",2018-08-17,11:00,15:00,transparent,Clearing / late application - Singleton Campus,"Bay Campus Fabian Way, Crymlyn Burrows Swansea SA1 8EN",364,off,,+44 800 094 9071,www.swansea.ac.uk,,,,,on,17 Aug - Booking Info,http://www.swansea.ac.uk/clearing/,3153,Swansea,51.6106075,-3.9763939,August,University,university96.jpg,,200,off,Wales,Swansea University,2018-08-17 11:00:00:000000,2018-08-17 15:00:00:000000,"Undergraduate, Clearing"
Swansea University,"Experience a clearing open day at Swansea University, where you can review their last minute clearing spaces and opportunities! Follow the link and find out how you can book a place. Some of the clearing events offer walk in visits and booking is not necessary. Please check their website.",2018-08-17,11:00,15:00,transparent,Clearing / late application - Bay Campus,Singleton Park  Swansea SA28PP,364,off,,+44 800 094 9071,www.swansea.ac.uk,,,,,on,17 Aug - Booking Info,http://www.swansea.ac.uk/clearing/,3154,Swansea,51.6189426,-3.8787793,August,University,university97.jpg,,200,off,Wales,Swansea University,2018-08-17 11:00:00:000000,2018-08-17 15:00:00:000000,"Undergraduate, Clearing"
Swansea University,"Experience a clearing open day at Swansea University, where you can review their last minute clearing spaces and opportunities! Follow the link and find out how you can book a place. Some of the clearing events offer walk in visits and booking is not necessary. Please check their website.",2018-08-18,11:00,15:00,transparent,Clearing / late application - Singleton Campus,"Bay Campus Fabian Way, Crymlyn Burrows Swansea SA1 8EN",364,off,,+44 800 094 9071,www.swansea.ac.uk,,,,,on,18 Aug - Booking Info,http://www.swansea.ac.uk/clearing/,3155,Swansea,51.6106075,-3.9763939,August,University,university98.jpg,,200,off,Wales,Swansea University,2018-08-18 11:00:00:000000,2018-08-18 15:00:00:000000,"Undergraduate, Clearing"
Swansea University,"Experience a clearing open day at Swansea University, where you can review their last minute clearing spaces and opportunities! Follow the link and find out how you can book a place. Some of the clearing events offer walk in visits and booking is not necessary. Please check their website.",2018-08-18,11:00,15:00,transparent,Clearing / late application - Bay Campus,Singleton Park  Swansea SA28PP,364,off,,+44 800 094 9071,www.swansea.ac.uk,,,,,on,18 Aug - Booking Info,http://www.swansea.ac.uk/clearing/,3042,Swansea,51.6189426,-3.8787793,August,University,university201.jpg,,200,off,Wales,Swansea University,2018-08-18 11:00:00:000000,2018-08-18 15:00:00:000000,"Undergraduate, Clearing"
Swansea University,"Experience a clearing open day at Swansea University, where you can review their last minute clearing spaces and opportunities! Follow the link and find out how you can book a place. Some of the clearing events offer walk in visits and booking is not necessary. Please check their website.",2018-08-19,11:00,15:00,transparent,Clearing / late application - Singleton Campus,"Bay Campus Fabian Way, Crymlyn Burrows Swansea SA1 8EN",364,off,,+44 800 094 9071,www.swansea.ac.uk,,,,,on,19 Aug - Booking Info,http://www.swansea.ac.uk/clearing/,3043,Swansea,51.6106075,-3.9763939,August,University,university202.jpg,,200,off,Wales,Swansea University,2018-08-19 11:00:00:000000,2018-08-19 15:00:00:000000,"Undergraduate, Clearing"
Swansea University,"Experience a clearing open day at Swansea University, where you can review their last minute clearing spaces and opportunities! Follow the link and find out how you can book a place. Some of the clearing events offer walk in visits and booking is not necessary. Please check their website.",2018-08-19,11:00,15:00,transparent,Clearing / late application - Bay Campus,Singleton Park  Swansea SA28PP,364,off,,+44 800 094 9071,www.swansea.ac.uk,,,,,on,19 Aug - Booking Info,http://www.swansea.ac.uk/clearing/,3044,Swansea,51.6189426,-3.8787793,August,University,university203.jpg,,200,off,Wales,Swansea University,2018-08-19 11:00:00:000000,2018-08-19 15:00:00:000000,"Undergraduate, Clearing"
Swansea University,"Experience a clearing open day at Swansea University, where you can review their last minute clearing spaces and opportunities! Follow the link and find out how you can book a place. Some of the clearing events offer walk in visits and booking is not necessary. Please check their website.",2018-08-20,11:00,15:00,transparent,Clearing / late application - Singleton Campus,"Bay Campus Fabian Way, Crymlyn Burrows Swansea SA1 8EN",364,off,,+44 800 094 9071,www.swansea.ac.uk,,,,,on,20 Aug - Booking Info,http://www.swansea.ac.uk/clearing/,3045,Swansea,51.6106075,-3.9763939,August,University,university204.jpg,,200,off,Wales,Swansea University,2018-08-20 11:00:00:000000,2018-08-20 15:00:00:000000,"Undergraduate, Clearing"
Swansea University,"Experience a clearing open day at Swansea University, where you can review their last minute clearing spaces and opportunities! Follow the link and find out how you can book a place. Some of the clearing events offer walk in visits and booking is not necessary. Please check their website.",2018-08-20,11:00,15:00,transparent,Clearing / late application - Bay Campus,Singleton Park  Swansea SA28PP,364,off,,+44 800 094 9071,www.swansea.ac.uk,,,,,on,20 Aug - Booking Info,http://www.swansea.ac.uk/clearing/,3046,Swansea,51.6189426,-3.8787793,August,University,university205.jpg,,200,off,Wales,Swansea University,2018-08-20 11:00:00:000000,2018-08-20 15:00:00:000000,"Undergraduate, Clearing"
Swansea University,"Experience a clearing open day at Swansea University, where you can review their last minute clearing spaces and opportunities! Follow the link and find out how you can book a place. Some of the clearing events offer walk in visits and booking is not necessary. Please check their website.",2018-08-21,11:00,15:00,transparent,Clearing / late application - Singleton Campus,Singleton Park  Swansea SA28PP,364,off,,+44 800 094 9071,www.swansea.ac.uk,,,,,on,21 Aug - Booking Info,http://www.swansea.ac.uk/clearing/,3047,Swansea,51.6106075,-3.9763939,August,University,university206.jpg,,200,off,Wales,Swansea University,2018-08-21 11:00:00:000000,2018-08-21 15:00:00:000000,"Undergraduate, Clearing"
Swansea University,"Experience a clearing open day at Swansea University, where you can review their last minute clearing spaces and opportunities! Follow the link and find out how you can book a place. Some of the clearing events offer walk in visits and booking is not necessary. Please check their website.",2018-08-22,11:00,15:00,transparent,Clearing / late application - Singleton Campus,"Bay Campus Fabian Way, Crymlyn Burrows Swansea SA1 8EN",364,off,,+44 800 094 9071,www.swansea.ac.uk,,,,,on,22 Aug - Booking Info,http://www.swansea.ac.uk/clearing/,3048,Swansea,51.6106075,-3.9763939,August,University,university207.jpg,,200,off,Wales,Swansea University,2018-08-22 11:00:00:000000,2018-08-22 15:00:00:000000,"Undergraduate, Clearing"
Swansea University,"Experience a clearing open day at Swansea University, where you can review their last minute clearing spaces and opportunities! Follow the link and find out how you can book a place. Some of the clearing events offer walk in visits and booking is not necessary. Please check their website.",2018-08-22,11:00,15:00,transparent,Clearing / late application - Bay Campus,"Bay Campus Fabian Way, Crymlyn Burrows Swansea SA1 8EN",364,off,,+44 800 094 9071,www.swansea.ac.uk,,,,,on,22 Aug - Booking Info,http://www.swansea.ac.uk/clearing/,3049,Swansea,51.6189426,-3.8787793,August,University,university208.jpg,,200,off,Wales,Swansea University,2018-08-22 11:00:00:000000,2018-08-22 15:00:00:000000,"Undergraduate, Clearing"
Swansea University,"Experience a clearing open day at Swansea University, where you can review their last minute clearing spaces and opportunities! Follow the link and find out how you can book a place. Some of the clearing events offer walk in visits and booking is not necessary. Please check their website.",2018-08-21,11:00,15:00,transparent,Clearing / late application - Bay Campus,Llandaff Cmapus Western Avenue South Glamorgan CF5 2YB,364,off,,+44 800 094 9071,www.swansea.ac.uk,,,,,on,21 Aug - Booking Info,http://www.swansea.ac.uk/clearing/,3050,Swansea,51.6189426,-3.8787793,August,University,university209.jpg,,200,off,Wales,Swansea University,2018-08-21 11:00:00:000000,2018-08-21 15:00:00:000000,"Undergraduate, Clearing"
Cardiff Metropolitan University,"Experience a clearing open day at Cardiff Metropolitan University, where you can review their last minute clearing spaces and opportunities! Follow the link and find out how you can book a place. Some of the clearing events offer walk in visits and booking is not necessary. Please check their website.",2018-08-18,10:00,16:00,transparent,Clearing Open Day - Llandaff Campus,Cyncoed Cmapus Cyncoed Road South Glamorgan CF23 6XD,364,off,,+44 29 2041 6042,www.cardiffmet.ac.uk,,,,,on,18 Aug - Booking Info,http://www.cardiffmet.ac.uk/opendays,3051,Cardiff,51.4962322,-3.2131349,August,University,university2010.jpg,,200,off,Wales,Cardiff Metropolitan University,2018-08-18 10:00:00:000000,2018-08-18 16:00:00:000000,"Undergraduate, Clearing"
Cardiff Metropolitan University,"Experience a clearing open day at Cardiff Metropolitan University, where you can review their last minute clearing spaces and opportunities! Follow the link and find out how you can book a place. Some of the clearing events offer walk in visits and booking is not necessary. Please check their website.",2018-08-18,10:00,16:00,transparent,Clearing Open Day - Cyncoed Campus,Llandaff Cmapus Western Avenue South Glamorgan CF5 2YB,364,off,,+44 29 2041 6042,www.cardiffmet.ac.uk,,,,,on,18 Aug - Booking Info,http://www.cardiffmet.ac.uk/opendays,3052,Cardiff,51.510493,-3.161761,August,University,university2011.jpg,,200,off,Wales,Cardiff Metropolitan University,2018-08-18 10:00:00:000000,2018-08-18 :00:000000,"Undergraduate, Clearing"
Cardiff Metropolitan University,"Experience a clearing open day at Cardiff Metropolitan University, where you can review their last minute clearing spaces and opportunities! Follow the link and find out how you can book a place. Some of the clearing events offer walk in visits and booking is not necessary. Please check their website.",2018-08-19,10:00,16:00,transparent,Clearing Open Day - Llandaff Campus,Cyncoed Cmapus Cyncoed Road South Glamorgan CF23 6XD,364,off,,+44 29 2041 6042,www.cardiffmet.ac.uk,,,,,on,19 Aug - Booking Info,http://www.cardiffmet.ac.uk/opendays,3053,Cardiff,51.4962322,-3.2131349,August,University,university2012.jpg,,200,off,Wales,Cardiff Metropolitan University,2018-08-19 10:00:00:000000,2018-08-19 16:00:00:000000,"Undergraduate, Clearing"
Cardiff Metropolitan University,"Experience a clearing open day at Cardiff Metropolitan University, where you can review their last minute clearing spaces and opportunities! Follow the link and find out how you can book a place. Some of the clearing events offer walk in visits and booking is not necessary. Please check their website.",2018-08-19,10:00,16:00,transparent,Clearing Open Day - Cyncoed Campus,Llandaff Cmapus Western Avenue South Glamorgan CF5 2YB,364,off,,+44 29 2041 6042,www.cardiffmet.ac.uk,,,,,on,19 Aug - Booking Info,http://www.cardiffmet.ac.uk/opendays,3054,Cardiff,51.510493,-3.161761,August,University,university2013.jpg,,200,off,Wales,Cardiff Metropolitan University,2018-08-19 10:00:00:000000,2018-08-19 16:00:00:000000,"Undergraduate, Clearing"
Cardiff Metropolitan University,"Experience a clearing open day at Cardiff Metropolitan University, where you can review their last minute clearing spaces and opportunities! Follow the link and find out how you can book a place. Some of the clearing events offer walk in visits and booking is not necessary. Please check their website.",2018-08-21,10:00,16:00,transparent,Clearing Open Day - Llandaff Campus,Cyncoed Cmapus Cyncoed Road South Glamorgan CF23 6XD,364,off,,+44 29 2041 6042,www.cardiffmet.ac.uk,,,,,on,21 Aug - Booking Info,http://www.cardiffmet.ac.uk/opendays,3055,Cardiff,51.4962322,-3.2131349,August,University,university2014.jpg,,200,off,Wales,Cardiff Metropolitan University,2018-08-21 10:00:00:000000,2018-08-21 16:00:00:000000,"Undergraduate, Clearing"
Cardiff Metropolitan University,"Experience a clearing open day at Cardiff Metropolitan University, where you can review their last minute clearing spaces and opportunities! Follow the link and find out how you can book a place. Some of the clearing events offer walk in visits and booking is not necessary. Please check their website.",2018-08-21,10:00,16:00,transparent,Clearing Open Day - Cyncoed Campus,Egham Hill  Surrey TW20 0EX,364,off,,+44 29 2041 6042,www.cardiffmet.ac.uk,,,,,on,21 Aug - Booking Info,http://www.cardiffmet.ac.uk/opendays,3056,Cardiff,51.510493,-3.161761,August,University,university2015.jpg,,200,off,Wales,Cardiff Metropolitan University,2018-08-21 10:00:00:000000,2018-08-21 16:00:00:000000,"Undergraduate, Clearing"
"Royal Holloway, University of London","Experience a clearing open day at Royal Holloway, University of London, where you can review their last minute clearing spaces and opportunities! Follow the link and find out how you can book a place. Some of the clearing events offer walk in visits and booking is not necessary. Please check their website.",2018-08-17,10:00,15:00,transparent,Clearing Visit Day,Egham Hill  Surrey TW20 0EX,364,off,campus-tours@royalholloway.ac.uk,+44 1784 434455,www.royalholloway.ac.uk,,,,,on,17 Aug - Booking Info,,3058,London,51.425673,-0.5630625,August,University,university2017.jpg,,200,off,London,"Royal Holloway, University of London",2018-08-17 10:00:00:000000,2018-08-17 15:00:00:000000,"Undergraduate, Clearing"
"Royal Holloway, University of London","Experience a clearing open day at Royal Holloway, University of London, where you can review their last minute clearing spaces and opportunities! Follow the link and find out how you can book a place. Some of the clearing events offer walk in visits and booking is not necessary. Please check their website.",2018-08-18,10:00,15:00,transparent,Clearing Visit Day,Park Lane  West Yorkshire LS3 1AA,364,off,campus-tours@royalholloway.ac.uk,+44 1784 434455,www.royalholloway.ac.uk,,,,,on,18 Aug - Booking Info,,3059,London,51.425673,-0.5630625,August,University,university2018.jpg,,200,off,London,"Royal Holloway, University of London",2018-08-18 10:00:00:000000,2018-08-18 15:00:00:000000,"Undergraduate, Clearing"
University Centre at Leeds City College,"Experience a clearing open day at University Centre at Leeds City College, where you can review their last minute clearing spaces and opportunities! Follow the link and find out how you can book a place. Some of the clearing events offer walk in visits and booking is not necessary. Please check their website.",2018-08-22,14:00,19:00,transparent,Clearing Open Day,Falkner Road  Surrey GU9 7DS,364,off,admissions@ucleeds.ac.uk,+44 113 2162406,www.ucleeds.ac.uk,,,,,on,22 Aug - Booking Info,https://www.leedscitycollege.ac.uk/whats-happening/events/university-centre-clearing-open-afternoons-2018/,3061,Leeds,53.8001855,-1.5570395,August,University,university2020.jpg,,200,off,Yorkshire and Humberside,University Centre at Leeds City College,2018-08-22 14:00:00:000000,2018-08-22 19:00:00:000000,"Undergraduate, Clearing"
University for the Creative Arts,"Experience a clearing open day at University for the Creative Arts, where you can review their last minute clearing spaces and opportunities! Follow the link and find out how you can book a place. Some of the clearing events offer walk in visits and booking is not necessary. Please check their website.",2018-08-18,10:00,12:00,transparent,Clearing Open Morning - Farnham campus,New Dover Road  Kent CT1 3AN,364,off,enquries@uca.ac.uk,+44 1252 892 883,www.uca.ac.uk,,,,,on,18 Aug - Booking Info,https://www.uca.ac.uk/clearing/visit-day/?utm_source=ucas&utm_medium=digital&utm_campaign=clearing&utm_term=event-listing,3062,Surrey,51.2150866,-0.805373,August,University,university2021.jpg,,200,off,South East England,University for the Creative Arts,2018-08-18 10:00:00:000000,2018-08-18 12:00:00:000000,"Undergraduate, Clearing"
University for the Creative Arts,"Experience a clearing open day at University for the Creative Arts, where you can review their last minute clearing spaces and opportunities! Follow the link and find out how you can book a place. Some of the clearing events offer walk in visits and booking is not necessary. Please check their website.",2018-08-18,10:00,12:00,transparent,Clearing Open Morning - Canterbury campus,Ashley Road  Surrey KT18 5BE,364,off,enquries@uca.ac.uk,+44 1252 892 883,www.uca.ac.uk,,,,,on,18 Aug - Booking Info,https://www.uca.ac.uk/clearing/visit-day/?utm_source=ucas&utm_medium=digital&utm_campaign=clearing&utm_term=event-listing,3063,Canterbury,51.274956,1.0904816,August,University,university1.jpg,,200,off,South East England,University for the Creative Arts,2018-08-18 10:00:00:000000,2018-08-18 12:00:00:000000,"Undergraduate, Clearing"
University for the Creative Arts,"Experience a clearing open day at University for the Creative Arts, where you can review their last minute clearing spaces and opportunities! Follow the link and find out how you can book a place. Some of the clearing events offer walk in visits and booking is not necessary. Please check their website.",2018-08-18,10:00,12:00,transparent,Clearing Open Morning - Epsom campus,Fort Pitt  Kent ME1 1DZ,364,off,enquries@uca.ac.uk,+44 1252 892 883,www.uca.ac.uk,,,,,on,18 Aug - Booking Info,https://www.uca.ac.uk/clearing/visit-day/?utm_source=ucas&utm_medium=digital&utm_campaign=clearing&utm_term=event-listing,3064,Surrey,51.3298995,-0.2654638,August,University,university2.jpg,,200,off,South East England,University for the Creative Arts,2018-08-18 10:00:00:000000,2018-08-18 12:00:00:000000,"Undergraduate, Clearing"
University for the Creative Arts,"Experience a clearing open day at University for the Creative Arts, where you can review their last minute clearing spaces and opportunities! Follow the link and find out how you can book a place. Some of the clearing events offer walk in visits and booking is not necessary. Please check their website.",2018-08-18,10:00,12:00,transparent,Clearing Open Morning -Rochester campus,Waterfront Building Neptune Quay Suffolk IP4 1QJ,364,off,enquries@uca.ac.uk,+44 1252 892 883,www.uca.ac.uk,,,,,on,18 Aug - Booking Info,https://www.uca.ac.uk/clearing/visit-day/?utm_source=ucas&utm_medium=digital&utm_campaign=clearing&utm_term=event-listing,3065,Kent,51.381703,0.514458,August,University,university3.jpg,,200,off,South East England,University for the Creative Arts,2018-08-18 10:00:00:000000,2018-08-18 12:00:00:000000,"Undergraduate, Clearing"
University of Suffolk,"Experience a clearing open day at University of Suffolk, where you can review their last minute clearing spaces and opportunities! Follow the link and find out how you can book a place. Some of the clearing events offer walk in visits and booking is not necessary. Please check their website.",2018-08-18,10:00,14:00,transparent,Open Event,Waterfront Building Neptune Quay Suffolk IP4 1QJ,364,off,,+44 1473 338833,www.uos.ac.uk,,,,,on,18 Aug - Booking Info,https://www.uos.ac.uk/content/open-events,3066,Suffolk,52.0522152,1.1633402,August,University,university4.jpg,,200,off,Eastern England,University of Suffolk,2018-08-18 10:00:00:000000,2018-08-18 14:00:00:000000,"Undergraduate, Clearing"
University of Suffolk,"Experience a clearing open day at University of Suffolk, where you can review their last minute clearing spaces and opportunities! Follow the link and find out how you can book a place. Some of the clearing events offer walk in visits and booking is not necessary. Please check their website.",2018-08-22,16:00,19:00,transparent,Open Event,UCB  West Midlands B3 1PW,364,off,,+44 1473 338833,www.uos.ac.uk,,,,,on,22 Aug - Booking Info,https://www.uos.ac.uk/content/open-events,3067,Suffolk,52.0522152,1.1633402,August,University,university5.jpg,,200,off,Eastern England,University of Suffolk,2018-08-22 16:00:00:000000,2018-08-22 19:00:00:000000,"Undergraduate, Clearing"
University College Birmingham,"Experience a clearing open day at University College Birmingham, where you can review their last minute clearing spaces and opportunities! Follow the link and find out how you can book a place. Some of the clearing events offer walk in visits and booking is not necessary. Please check their website.",2018-08-22,13:00,14:30,transparent,Open Day,Epinal Way  Leicestershire LE11 3TU,364,off,,+44 121 604 1040,www.ucb.ac.uk,,,,,on,22 Aug - Booking Info,https://www.ucb.ac.uk/our-courses/undergraduate/clearing/apply-through-clearing.aspx,3068,Birmingham,52.4825568,-1.9086318,August,University,university6.jpg,,200,off,West Midlands,University College Birmingham,2018-08-22 13:00:00:000000,2018-08-22 14:30:00:000000,"Undergraduate, Clearing"
Loughborough University,"Experience a clearing open day at Loughborough University, where you can review their last minute clearing spaces and opportunities! Follow the link and find out how you can book a place. Some of the clearing events offer walk in visits and booking is not necessary. Please check their website.",2018-08-18,10:00,14:00,transparent,Open House,Lord Mayor's Walk  North Yorkshire YO31 7EX,364,off,,+44 1509 222252,www.lboro.ac.uk,,,,,on,18 Aug - Booking Info,http://www.lboro.ac.uk/clearing/open-house/,3069,Leicestershire,52.769227,-1.224632,August,University,university7.jpg,,200,off,East Midlands,Loughborough University,2018-08-18 10:00:00:000000,2018-08-18 14:00:00:000000,"Undergraduate, Clearing"
York St John University,"Experience a clearing open day at York St John University, where you can review their last minute clearing spaces and opportunities! Follow the link and find out how you can book a place. Some of the clearing events offer walk in visits and booking is not necessary. Please check their website.",2018-08-18,10:00,15:00,transparent,Clearing Open Day,Lord Mayor's Walk York YO31 7EX,364,off,,+44 1904 624 624,www.yorksj.ac.uk,,,,,on,18 Aug - Booking Info,https://www.yorksj.ac.uk/study/undergraduate/visit-us/open-days/,3070,York,53.9649139,-1.0800959,August,University,university8.jpg,,200,off,North Yorkshire,York St John University,2018-08-18 10:00:00:000000,2018-08-18 15:00:00:000000,"Undergraduate, Clearing"
,,,,,,,,,,,,,,,,,,,,3071,,,,,,university9.jpg,,,,,,,,
