Event Title,Event Body,Event Date,Event Start Time,Event End Time,Header Skin,Header Sub Title,Listing Option Address,Listing Visibility Duration,Listing Featured,Listing Email,Listing Mobile,Listing Website URL,Facebook,Twitter,Instagram,Youtube,Related Posts,Listing Button Text,Listing Button URL,Background Image,Location,Latitude,Longitude,Calendar Tags,Categories,Featured Image,Gallery Image,Min Height Hero Image,Disable Hero Image,Region,Alt Tag,Start Time format,End Time format,Qualification,event_custom_id
Blackpool Sixth Form College,"Experience an open day at Blackpool Sixth Form College, where they throw open their doors and welcome everyone to experience a day in the life on their campus/grounds. Generally, you can experience first hand whether this is the right fit for you. Take the time to plan your day and agenda. Open days can have a huge impact on your final decision and should not be missed. Please dont forget to come back and 'rate and review' your excperience right here on Odays!",2018-09-22,1532428200,1532442600,transparent,Open day,Blackpool Old Road  Blackpool FY3 7LR,364,off,enquiries@blackpoolsixth.ac.uk,+44 1253 394911,http://www.blackpoolsixth.ac.uk,,,,,on,22 Sep - Booking Info,https://blackpoolsixth.ac.uk/open-events/,3126,Blackpool,53.8367523,-3.0163996,September,Sixth Form College,university65.jpg,,200,off,North West England,Blackpool Sixth Form College - Open day,2018-09-22 10:30:00:00.000000,2018-09-22 14:30:00:00.000000,A Levels,1
Blackpool Sixth Form College,"Experience an open day at Blackpool Sixth Form College, where they throw open their doors and welcome everyone to experience a day in the life on their campus/grounds. Generally, you can experience first hand whether this is the right fit for you. Take the time to plan your day and agenda. Open days can have a huge impact on your final decision and should not be missed. Please dont forget to come back and 'rate and review' your excperience right here on Odays!",2018-10-13,1532428200,1532442600,transparent,Open Day,Blackpool Old Road  Blackpool FY3 7LR,364,off,enquiries@blackpoolsixth.ac.uk,+44 1253 394911,http://www.blackpoolsixth.ac.uk,,,,,on,13 Oct - Booking Info,https://blackpoolsixth.ac.uk/open-events/,3127,Blackpool,53.8367523,-3.0163996,October,Sixth Form College,university66.jpg,,200,off,North West England,Blackpool Sixth Form College - Open Day,2018-10-13 10:30:00:00.000000,2018-10-13 14:30:00:00.000000,A Levels,2
Blackpool Sixth Form College,"Experience an open day at Blackpool Sixth Form College, where they throw open their doors and welcome everyone to experience a day in the life on their campus/grounds. Generally, you can experience first hand whether this is the right fit for you. Take the time to plan your day and agenda. Open days can have a huge impact on your final decision and should not be missed. Please dont forget to come back and 'rate and review' your excperience right here on Odays!",2019-02-06,1532453400,1532460600,transparent,Open Evening,Blackpool Old Road  Blackpool FY3 7LR,364,off,enquiries@blackpoolsixth.ac.uk,+44 1253 394911,http://www.blackpoolsixth.ac.uk,,,,,on,6 Feb - Booking Info,https://blackpoolsixth.ac.uk/open-events/,3128,Blackpool,53.8367523,-3.0163996,February,Sixth Form College,university67.jpg,,200,off,North West England,Blackpool Sixth Form College - Open Evening,2019-02-06 17:30:00:00.000000,2019-02-06 19:30:00:00.000000,A Levels,3
Blackpool Sixth Form College,"Experience an open day at Blackpool Sixth Form College, where they throw open their doors and welcome everyone to experience a day in the life on their campus/grounds. Generally, you can experience first hand whether this is the right fit for you. Take the time to plan your day and agenda. Open days can have a huge impact on your final decision and should not be missed. Please dont forget to come back and 'rate and review' your excperience right here on Odays!",2019-01-19,1532453400,1532460600,transparent,Taster Day,Blackpool Old Road  Blackpool FY3 7LR,364,off,enquiries@blackpoolsixth.ac.uk,+44 1253 394911,http://www.blackpoolsixth.ac.uk,,,,,on,19 Jan - Booking Info,https://blackpoolsixth.ac.uk/open-events/,3129,Blackpool,53.8367523,-3.0163996,January,Sixth Form College,university68.jpg,,200,off,North West England,Blackpool Sixth Form College - Taster Day,2019-01-19 17:30:00:00.000000,2019-01-19 19:30:00:00.000000,A Levels,4
Bolton Sixth Form College,"Experience an open day at Bolton Sixth Form College, where they throw open their doors and welcome everyone to experience a day in the life on their campus/grounds. Generally, you can experience first hand whether this is the right fit for you. Take the time to plan your day and agenda. Open days can have a huge impact on your final decision and should not be missed. Please dont forget to come back and 'rate and review' your excperience right here on Odays!",2018-10-13,1532428200,1532440800,transparent,Open Day,Deane Road  Bolton BL3 5BU,364,off,marketing@bolton-sfc.ac.uk,+44 1204 846215,http://www.bolton-sfc.ac.uk,,,,,on,13 Oct - Booking Info,https://www.bolton-sfc.ac.uk/the-college/term-dates/,3130,Bolton,53.5728563,-2.4432658,October,Sixth Form College,university69.jpg,,200,off,North West England,Bolton Sixth Form College - Open Day,2018-10-13 10:30:00:00.000000,2018-10-13 14:00:00:00.000000,A Levels,5
Bolton Sixth Form College,"Experience an open day at Bolton Sixth Form College, where they throw open their doors and welcome everyone to experience a day in the life on their campus/grounds. Generally, you can experience first hand whether this is the right fit for you. Take the time to plan your day and agenda. Open days can have a huge impact on your final decision and should not be missed. Please dont forget to come back and 'rate and review' your excperience right here on Odays!",2018-11-07,1532453400,1532462400,transparent,Open Day ,Deane Road  Bolton BL3 5BU,364,off,marketing@bolton-sfc.ac.uk,+44 1204 846215,http://www.bolton-sfc.ac.uk,,,,,on,7 Nov - Booking Info,https://www.bolton-sfc.ac.uk/the-college/term-dates/,3131,Bolton,53.5728563,-2.4432658,November,Sixth Form College,university70.jpg,,200,off,North West England,Bolton Sixth Form College - Open Day ,2018-11-07 17:30:00:00.000000,2018-11-07 20:00:00:00.000000,A Levels,6
Bolton Sixth Form College,"Experience an open day at Bolton Sixth Form College, where they throw open their doors and welcome everyone to experience a day in the life on their campus/grounds. Generally, you can experience first hand whether this is the right fit for you. Take the time to plan your day and agenda. Open days can have a huge impact on your final decision and should not be missed. Please dont forget to come back and 'rate and review' your excperience right here on Odays!",2019-01-29,1532453400,1532462400,transparent,Open Day ,Deane Road  Bolton BL3 5BU,364,off,marketing@bolton-sfc.ac.uk,+44 1204 846215,http://www.bolton-sfc.ac.uk,,,,,on,29 Jan - Booking Info,https://www.bolton-sfc.ac.uk/the-college/term-dates/,3132,Bolton,53.5728563,-2.4432658,January,Sixth Form College,university71.jpg,,200,off,North West England,Bolton Sixth Form College - Open Day ,2019-01-29 17:30:00:00.000000,2019-01-29 20:00:00:00.000000,A Levels,7
Cambridge Centre for Sixth Form Studies,"Experience an open day at Cambridge Centre for Sixth Form Studies, where they throw open their doors and welcome everyone to experience a day in the life on their campus/grounds. Generally, you can experience first hand whether this is the right fit for you. Take the time to plan your day and agenda. Open days can have a huge impact on your final decision and should not be missed. Please dont forget to come back and 'rate and review' your excperience right here on Odays!",2018-10-04,1532448000,1532458800,transparent,Open Day,1 Salisbury Villas  Station Road CB1 2JF,364,off,office@ccss.co.uk,+44 1223 716890,http://www.ccss.co.uk,,,,,on,4 Oct - Booking Info,https://www.ccss.co.uk/open-event/,3133,Cambridgeshire,52.1946295,0.1344653,October,Sixth Form College,university72.jpg,,200,off,Eastern England,Cambridge Centre for Sixth Form Studies - Open Day,2018-10-04 16:00:00:00.000000,2018-10-04 19:00:00:00.000000,A Levels,8
Hills Road Sixth Form College,"Experience an open day at Hills Road Sixth Form College, where they throw open their doors and welcome everyone to experience a day in the life on their campus/grounds. Generally, you can experience first hand whether this is the right fit for you. Take the time to plan your day and agenda. Open days can have a huge impact on your final decision and should not be missed. Please dont forget to come back and 'rate and review' your excperience right here on Odays!",2018-11-07,1532451600,1532466000,transparent,open evening,Hills Road  Cambridge CB2 8PE,364,off,enquiries@hillsroad.ac.uk,+44 1223 247251,http://www.hillsroad.ac.uk,,,,,on,7 Nov - Booking Info,http://www.hillsroad.ac.uk/sixthform/opening-evenings,3134,Cambridgeshire,52.1878832,0.1367856,November,Sixth Form College,university73.jpg,,200,off,Eastern England,Hills Road Sixth Form College - open evening,2018-11-07 17:00:00:00.000000,2018-11-07 21:00:00:00.000000,A Levels,9
Hills Road Sixth Form College,"Experience an open day at Hills Road Sixth Form College, where they throw open their doors and welcome everyone to experience a day in the life on their campus/grounds. Generally, you can experience first hand whether this is the right fit for you. Take the time to plan your day and agenda. Open days can have a huge impact on your final decision and should not be missed. Please dont forget to come back and 'rate and review' your excperience right here on Odays!",2018-11-08,1532451600,1532466000,transparent,open evening,Hills Road  Cambridge CB2 8PE,364,off,enquiries@hillsroad.ac.uk,+44 1223 247251,http://www.hillsroad.ac.uk,,,,,on,8 Nov - Booking Info,http://www.hillsroad.ac.uk/sixthform/opening-evenings,,Cambridgeshire,52.1878832,0.1367856,November,Sixth Form College,university74.jpg,,200,off,Eastern England,Hills Road Sixth Form College - open evening,2018-11-08 17:00:00:00.000000,2018-11-08 21:00:00:00.000000,A Levels,10
Long Road Sixth Form College,"Experience an open day at Long Road Sixth Form College, where they throw open their doors and welcome everyone to experience a day in the life on their campus/grounds. Generally, you can experience first hand whether this is the right fit for you. Take the time to plan your day and agenda. Open days can have a huge impact on your final decision and should not be missed. Please dont forget to come back and 'rate and review' your excperience right here on Odays!",2018-10-17,1532451600,1532462400,transparent,open evening,Long Road  Cambridge CB2 8PX,364,off,enquiries@longroad.ac.uk,+44 1223 507 400,http://www.longroad.ac.uk,,,,,on,17 Oct - Booking Info,https://www.longroad.ac.uk/student-life/prospective-students/open-evenings-for-year-11/,3135,Cambridgeshire,52.1795923,0.1310391,October,Sixth Form College,university75.jpg,,200,off,Eastern England,Long Road Sixth Form College - open evening,2018-10-17 17:00:00:00.000000,2018-10-17 20:00:00:00.000000,A Levels,11
Long Road Sixth Form College,"Experience an open day at Long Road Sixth Form College, where they throw open their doors and welcome everyone to experience a day in the life on their campus/grounds. Generally, you can experience first hand whether this is the right fit for you. Take the time to plan your day and agenda. Open days can have a huge impact on your final decision and should not be missed. Please dont forget to come back and 'rate and review' your excperience right here on Odays!",2018-10-18,1532451600,1532462400,transparent,open evening,Long Road  Cambridge CB2 8PX,364,off,enquiries@longroad.ac.uk,+44 1223 507 400,http://www.longroad.ac.uk,,,,,on,18 Oct - Booking Info,https://www.longroad.ac.uk/student-life/prospective-students/open-evenings-for-year-11/,3136,Cambridgeshire,52.1795923,0.1310391,October,Sixth Form College,university76.jpg,,200,off,Eastern England,Long Road Sixth Form College - open evening,2018-10-18 17:00:00:00.000000,2018-10-18 20:00:00:00.000000,A Levels,12
St David's Catholic Sixth Form College,"Experience an open day at St David's Catholic Sixth Form College, where they throw open their doors and welcome everyone to experience a day in the life on their campus/grounds. Generally, you can experience first hand whether this is the right fit for you. Take the time to plan your day and agenda. Open days can have a huge impact on your final decision and should not be missed. Please dont forget to come back and 'rate and review' your excperience right here on Odays!      *Note we are unable to confirm start time or finish time of this listing.",2018-11-14,1532390400,1532476740,transparent,Open Evening,Ty Gwyn Road  Penylan CF23 5QD,364,off,enquiries@stdavidscollege.ac.uk,+44 2920 468555,http://www.st-davids-coll.ac.uk,,,,,on,14 Nov - Booking Info,https://www.stdavidscollege.ac.uk/open-evenings-and-events/,3137,Cardiff,51.5027471,-3.165055,November,Sixth Form College,university77.jpg,,200,off,Wales,St David's Catholic Sixth Form College - Open Evening,2018-11-14 0:00:00:00.000000,2018-11-14 23:59:00:00.000000,A Levels,13
St David's Catholic Sixth Form College,"Experience an open day at St David's Catholic Sixth Form College, where they throw open their doors and welcome everyone to experience a day in the life on their campus/grounds. Generally, you can experience first hand whether this is the right fit for you. Take the time to plan your day and agenda. Open days can have a huge impact on your final decision and should not be missed. Please dont forget to come back and 'rate and review' your excperience right here on Odays!      *Note we are unable to confirm start time or finish time of this listing.",2018-11-21,1532390400,1532476740,transparent,Open Evening,Ty Gwyn Road  Penylan CF23 5QD,364,off,enquiries@stdavidscollege.ac.uk,+44 2920 468555,http://www.st-davids-coll.ac.uk,,,,,on,21 Nov - Booking Info,https://www.stdavidscollege.ac.uk/open-evenings-and-events/,3138,Cardiff,51.5027471,-3.165055,November,Sixth Form College,university78.jpg,,200,off,Wales,St David's Catholic Sixth Form College - Open Evening,2018-11-21 0:00:00:00.000000,2018-11-21 23:59:00:00.000000,A Levels,14
Sir John Deane's College,"Experience an open day at Sir John Deane's College, where they throw open their doors and welcome everyone to experience a day in the life on their campus/grounds. Generally, you can experience first hand whether this is the right fit for you. Take the time to plan your day and agenda. Open days can have a huge impact on your final decision and should not be missed. Please dont forget to come back and 'rate and review' your excperience right here on Odays!",2018-10-04,1532453400,1532464200,transparent,Open Evening,Monarch Drive  Northwich CW9 8AF,364,off,admin@sjd.ac.uk,+44 1606 810020,http://www.sjd.ac.uk,,,,,on,4 Oct - Booking Info,http://www.sjd.ac.uk/event/open-evening/,3139,Cheshire West,53.2473355,-2.5195718,October,Sixth Form College,university79.jpg,,200,off,North West England,Sir John Deane's College - Open Evening,2018-10-04 17:30:00:00.000000,2018-10-04 20:30:00:00.000000,A Levels,15
Sir John Deane's College,"Experience an open day at Sir John Deane's College, where they throw open their doors and welcome everyone to experience a day in the life on their campus/grounds. Generally, you can experience first hand whether this is the right fit for you. Take the time to plan your day and agenda. Open days can have a huge impact on your final decision and should not be missed. Please dont forget to come back and 'rate and review' your excperience right here on Odays!",2018-10-24,1532453400,1532464200,transparent,Open Evening,Monarch Drive  Northwich CW9 8AF,364,off,admin@sjd.ac.uk,+44 1606 810020,http://www.sjd.ac.uk,,,,,on,24 Oct - Booking Info,http://www.sjd.ac.uk/event/open-evening/,3140,Cheshire West,53.2473355,-2.5195718,October,Sixth Form College,university80.jpg,,200,off,North West England,Sir John Deane's College - Open Evening,2018-10-24 17:30:00:00.000000,2018-10-24 20:30:00:00.000000,A Levels,16
Sir John Deane's College,"Experience an open day at Sir John Deane's College, where they throw open their doors and welcome everyone to experience a day in the life on their campus/grounds. Generally, you can experience first hand whether this is the right fit for you. Take the time to plan your day and agenda. Open days can have a huge impact on your final decision and should not be missed. Please dont forget to come back and 'rate and review' your excperience right here on Odays!      *Note we are unable to confirm start time or finish time of this listing.",2018-11-17,1532390400,1532476740,transparent,Open Morning,Monarch Drive  Northwich CW9 8AF,364,off,admin@sjd.ac.uk,+44 1606 810020,http://www.sjd.ac.uk,,,,,on,17 Nov - Booking Info,http://www.sjd.ac.uk/event/open-morning/,3141,Cheshire West,53.2473355,-2.5195718,November,Sixth Form College,university81.jpg,,200,off,North West England,Sir John Deane's College - Open Morning,2018-11-17 0:00:00:00.000000,2018-11-17 23:59:00:00.000000,A Levels,17
Callywith College,"Experience an open day at Callywith College, where they throw open their doors and welcome everyone to experience a day in the life on their campus/grounds. Generally, you can experience first hand whether this is the right fit for you. Take the time to plan your day and agenda. Open days can have a huge impact on your final decision and should not be missed. Please dont forget to come back and 'rate and review' your excperience right here on Odays!",2018-11-24,1532426400,1532444400,transparent,Open Day,Old Callywith Road  Bodmin PL31 2GT,364,off,enquiry@callywith.ac.uk,+44 1208 224000,https://www.callywith.ac.uk,,,,,on,24 Nov - Booking Info,https://www.callywith.ac.uk/open-events,3142,Cornwall,50.4778617,-4.7052583,November,Sixth Form College,university82.jpg,,200,off,South West England,Callywith College - Open Day,2018-11-24 10:00:00:00.000000,2018-11-24 15:00:00:00.000000,A Levels,18
Callywith College,"Experience an open day at Callywith College, where they throw open their doors and welcome everyone to experience a day in the life on their campus/grounds. Generally, you can experience first hand whether this is the right fit for you. Take the time to plan your day and agenda. Open days can have a huge impact on your final decision and should not be missed. Please dont forget to come back and 'rate and review' your excperience right here on Odays!",2019-02-07,1532451600,1532462400,transparent,Open Evening,Old Callywith Road  Bodmin PL31 2GT,364,off,enquiry@callywith.ac.uk,+44 1208 224000,https://www.callywith.ac.uk,,,,,on,7 Feb - Booking Info,https://www.callywith.ac.uk/open-events,3143,Cornwall,50.4778617,-4.7052583,February,Sixth Form College,university84.jpg,,200,off,South West England,Callywith College - Open Evening,2019-02-07 17:00:00:00.000000,2019-02-07 20:00:00:00.000000,A Levels,19
Callywith College,"Experience an open day at Callywith College, where they throw open their doors and welcome everyone to experience a day in the life on their campus/grounds. Generally, you can experience first hand whether this is the right fit for you. Take the time to plan your day and agenda. Open days can have a huge impact on your final decision and should not be missed. Please dont forget to come back and 'rate and review' your excperience right here on Odays!",2019-03-09,1532426400,1532451600,transparent,Open Morning,Old Callywith Road  Bodmin PL31 2GT,364,off,enquiry@callywith.ac.uk,+44 1208 224000,https://www.callywith.ac.uk,,,,,on,9 Mar - Booking Info,https://www.callywith.ac.uk/open-events,3144,Cornwall,50.4778617,-4.7052583,March,Sixth Form College,university85.jpg,,200,off,South West England,Callywith College - Open Morning,2019-03-09 10:00:00:00.000000,2019-03-09 17:00:00:00.000000,A Levels,20
Callywith College,"Experience an open day at Callywith College, where they throw open their doors and welcome everyone to experience a day in the life on their campus/grounds. Generally, you can experience first hand whether this is the right fit for you. Take the time to plan your day and agenda. Open days can have a huge impact on your final decision and should not be missed. Please dont forget to come back and 'rate and review' your excperience right here on Odays!",2019-05-09,1532451600,1532462400,transparent,Open Evening,Old Callywith Road  Bodmin PL31 2GT,364,off,enquiry@callywith.ac.uk,+44 1208 224000,https://www.callywith.ac.uk,,,,,on,9 May - Booking Info,https://www.callywith.ac.uk/open-events,3145,Cornwall,50.4778617,-4.7052583,May,Sixth Form College,university86.jpg,,200,off,South West England,Callywith College - Open Evening,2019-05-09 17:00:00:00.000000,2019-05-09 20:00:00:00.000000,A Levels,21
Barton Peveril Sixth Form College,"Experience an open day at Barton Peveril Sixth Form College, where they throw open their doors and welcome everyone to experience a day in the life on their campus/grounds. Generally, you can experience first hand whether this is the right fit for you. Take the time to plan your day and agenda. Open days can have a huge impact on your final decision and should not be missed. Please dont forget to come back and 'rate and review' your excperience right here on Odays!",2018-10-03,1532453400,1532464200,transparent,Open Evening,Chestnut Avenue  Eastleigh SO50 5ZA,364,off,enquiries@barton.ac.uk,+44 23 80367200,http://www.barton-peveril.ac.uk,,,,,on,3 Oct - Booking Info,https://www.barton-peveril.ac.uk/openevening/?hilite=%27open%27%2C%27day%27,3146,Hampshire,50.9612666,-1.371639,October,Sixth Form College,university87.jpg,,200,off,South East England,Barton Peveril Sixth Form College - Open Evening,2018-10-03 17:30:00:00.000000,2018-10-03 20:30:00:00.000000,A Levels,22
Barton Peveril Sixth Form College,"Experience an open day at Barton Peveril Sixth Form College, where they throw open their doors and welcome everyone to experience a day in the life on their campus/grounds. Generally, you can experience first hand whether this is the right fit for you. Take the time to plan your day and agenda. Open days can have a huge impact on your final decision and should not be missed. Please dont forget to come back and 'rate and review' your excperience right here on Odays!",2018-10-04,1532453400,1532464200,transparent,Open Evening,Chestnut Avenue  Eastleigh SO50 5ZA,364,off,enquiries@barton.ac.uk,+44 23 80367200,http://www.barton-peveril.ac.uk,,,,,on,4 Oct - Booking Info,https://www.barton-peveril.ac.uk/openevening/?hilite=%27open%27%2C%27day%27,3147,Hampshire,50.9612666,-1.371639,October,Sixth Form College,university89.jpg,,200,off,South East England,Barton Peveril Sixth Form College - Open Evening,2018-10-04 17:30:00:00.000000,2018-10-04 20:30:00:00.000000,A Levels,23
Havant College,"Experience an open day at Havant College, where they throw open their doors and welcome everyone to experience a day in the life on their campus/grounds. Generally, you can experience first hand whether this is the right fit for you. Take the time to plan your day and agenda. Open days can have a huge impact on your final decision and should not be missed. Please dont forget to come back and 'rate and review' your excperience right here on Odays!",2018-11-10,1532426400,1532437200,transparent,HAVANT & SOUTH DOWNS CAMPUSES OPEN MORNING,New Road  Havant PO9 1QL,364,off,enquiries@havant.ac.uk,+44 23 9248 3856,http://www.havant.ac.uk,,,,,on,10 Nov - Booking Info,https://www.hsdc.ac.uk/events/hsdc-open-morning/,3148,Hampshire,50.8566198,-0.9875537,November,Sixth Form College,university90.jpg,,200,off,South East England,Havant College - HAVANT & SOUTH DOWNS CAMPUSES OPEN MORNING,2018-11-10 10:00:00:00.000000,2018-11-10 13:00:00:00.000000,A Levels,24
Havant College,"Experience an open day at Havant College, where they throw open their doors and welcome everyone to experience a day in the life on their campus/grounds. Generally, you can experience first hand whether this is the right fit for you. Take the time to plan your day and agenda. Open days can have a huge impact on your final decision and should not be missed. Please dont forget to come back and 'rate and review' your excperience right here on Odays!",2018-10-11,1532451600,1532462400,transparent,SOUTH DOWNS CAMPUS OPEN EVENING,New Road  Havant PO9 1QL,364,off,enquiries@havant.ac.uk,+44 23 9248 3856,http://www.havant.ac.uk,,,,,on,11 Oct - Booking Info,https://www.hsdc.ac.uk/events/south-downs-campus-open-evening/,3149,Hampshire,50.8566198,-0.9875537,October,Sixth Form College,university91.jpg,,200,off,South East England,Havant College - SOUTH DOWNS CAMPUS OPEN EVENING,2018-10-11 17:00:00:00.000000,2018-10-11 20:00:00:00.000000,A Levels,25
Havant College,"Experience an open day at Havant College, where they throw open their doors and welcome everyone to experience a day in the life on their campus/grounds. Generally, you can experience first hand whether this is the right fit for you. Take the time to plan your day and agenda. Open days can have a huge impact on your final decision and should not be missed. Please dont forget to come back and 'rate and review' your excperience right here on Odays!",2018-10-17,1532451600,1532462400,transparent,HAVANT CAMPUS OPEN EVENING,New Road  Havant PO9 1QL,364,off,enquiries@havant.ac.uk,+44 23 9248 3856,http://www.havant.ac.uk,,,,,on,17 Oct - Booking Info,https://www.hsdc.ac.uk/events/havant-campus-open-evening/,3150,Hampshire,50.8566198,-0.9875537,October,Sixth Form College,university92.jpg,,200,off,South East England,Havant College - HAVANT CAMPUS OPEN EVENING,2018-10-17 17:00:00:00.000000,2018-10-17 20:00:00:00.000000,A Levels,26
Queen Mary's College,"Experience an open day at Queen Mary's College, where they throw open their doors and welcome everyone to experience a day in the life on their campus/grounds. Generally, you can experience first hand whether this is the right fit for you. Take the time to plan your day and agenda. Open days can have a huge impact on your final decision and should not be missed. Please dont forget to come back and 'rate and review' your excperience right here on Odays!",2018-10-03,1532453400,1532464200,transparent,Open Evening,Cliddesden Road  Basingstoke RG21 3HF,364,off,info@qmc.ac.uk,+44 1256 417500,https://www.qmc.ac.uk,,,,,on,3 Oct - Booking Info,https://www.qmc.ac.uk/events/03102018/open-evening-october,3151,Hampshire,51.2589414,-1.0847826,October,Sixth Form College,university93.jpg,,200,off,South East England,Queen Mary's College - Open Evening,2018-10-03 17:30:00:00.000000,2018-10-03 20:30:00:00.000000,A Levels,27
Queen Mary's College,"Experience an open day at Queen Mary's College, where they throw open their doors and welcome everyone to experience a day in the life on their campus/grounds. Generally, you can experience first hand whether this is the right fit for you. Take the time to plan your day and agenda. Open days can have a huge impact on your final decision and should not be missed. Please dont forget to come back and 'rate and review' your excperience right here on Odays!",2018-11-08,1532453400,1532464200,transparent,Open Evening,Cliddesden Road  Basingstoke RG21 3HF,364,off,info@qmc.ac.uk,+44 1256 417500,https://www.qmc.ac.uk,,,,,on,8 Nov - Booking Info,https://www.qmc.ac.uk/events/08112018/open-evening-november,3152,Hampshire,51.2589414,-1.0847826,November,Sixth Form College,university94.jpg,,200,off,South East England,Queen Mary's College - Open Evening,2018-11-08 17:30:00:00.000000,2018-11-08 20:30:00:00.000000,A Levels,28
The Sixth Form College Farnborough,"Experience an open day at The Sixth Form College Farnborough, where they throw open their doors and welcome everyone to experience a day in the life on their campus/grounds. Generally, you can experience first hand whether this is the right fit for you. Take the time to plan your day and agenda. Open days can have a huge impact on your final decision and should not be missed. Please dont forget to come back and 'rate and review' your excperience right here on Odays!",2018-10-17,1532446200,1532466000,transparent,Open Evening,Prospect Avenue  Farnborough GU14 8JX,364,off,admin@farnborough.ac.uk,+44 1252 688200,https://farnborough.ac.uk,,,,,on,17 Oct - Booking Info,https://farnborough.ac.uk/calendar/show/6273,3153,Hampshire,51.3043929,-0.7568238,October,Sixth Form College,university96.jpg,,200,off,South East England,The Sixth Form College Farnborough - Open Evening,2018-10-17 15:30:00:00.000000,2018-10-17 21:00:00:00.000000,A Levels,29
The Sixth Form College Farnborough,"Experience an open day at The Sixth Form College Farnborough, where they throw open their doors and welcome everyone to experience a day in the life on their campus/grounds. Generally, you can experience first hand whether this is the right fit for you. Take the time to plan your day and agenda. Open days can have a huge impact on your final decision and should not be missed. Please dont forget to come back and 'rate and review' your excperience right here on Odays!",2018-10-18,1532446200,1532466000,transparent,Open Evening,Prospect Avenue  Farnborough GU14 8JX,364,off,admin@farnborough.ac.uk,+44 1252 688200,https://farnborough.ac.uk,,,,,on,18 Oct - Booking Info,https://farnborough.ac.uk/calendar/show/6274,3154,Hampshire,51.3043929,-0.7568238,October,Sixth Form College,university97.jpg,,200,off,South East England,The Sixth Form College Farnborough - Open Evening,2018-10-18 15:30:00:00.000000,2018-10-18 21:00:00:00.000000,A Levels,30
St Dominic's Sixth Form College,"Experience an open day at St Dominic's Sixth Form College, where they throw open their doors and welcome everyone to experience a day in the life on their campus/grounds. Generally, you can experience first hand whether this is the right fit for you. Take the time to plan your day and agenda. Open days can have a huge impact on your final decision and should not be missed. Please dont forget to come back and 'rate and review' your excperience right here on Odays!",2018-10-06,1532424600,1532444400,transparent,Open Evening ,Mount Park Avenue  Harrow-on-the-Hill HA1 3HX,364,off,stdoms@stdoms.ac.uk,+44 20 8422 8084,http://www.stdoms.ac.uk,,,,,on,6 Oct - Booking Info,http://www.stdoms.ac.uk/news/?pid=3&nid=1&storyid=89,3155,London,51.5667122,-0.3413072,October,Sixth Form College,university98.jpg,,200,off,London,St Dominic's Sixth Form College - Open Evening ,2018-10-06 9:30:00:00.000000,2018-10-06 15:00:00:00.000000,A Levels,31
Havering Sixth Form College,"Experience an open day at Havering Sixth Form College, where they throw open their doors and welcome everyone to experience a day in the life on their campus/grounds. Generally, you can experience first hand whether this is the right fit for you. Take the time to plan your day and agenda. Open days can have a huge impact on your final decision and should not be missed. Please dont forget to come back and 'rate and review' your excperience right here on Odays!",2018-11-17,1532424600,1532446200,transparent,Open Evening,Wingletye Lane  Hornchurch RM11 3TB,364,off,mainoffice@havering-sfc.ac.uk,+44 1708 514400,http://www.havering-sfc.ac.uk,,,,,on,17 Nov - Booking Info,"https://www.havering-sfc.ac.uk/calendar/?calid=1,2,3,5&pid=71&viewid=1&event=81",3042,London,51.5724442,0.2370917,November,Sixth Form College,university201.jpg,,200,off,London,Havering Sixth Form College - Open Evening,2018-11-17 9:30:00:00.000000,2018-11-17 15:30:00:00.000000,A Levels,32
Hereford Sixth Form College,"Experience an open day at Wyke Sixth Form College, where they throw open their doors and welcome everyone to experience a day in the life on their campus/grounds. Generally, you can experience first hand whether this is the right fit for you. Take the time to plan your day and agenda. Open days can have a huge impact on your final decision and should not be missed. Please dont forget to come back and 'rate and review' your excperience right here on Odays!      *Note we are unable to confirm start time or finish time of this listing.",2018-10-24,1532390400,1532476740,transparent,Open Evening ,Folly Lane  Hereford HR1 1LU,364,off,sixth-form@hereford.ac.uk,+44 1432 355166,http://www.hereford.ac.uk,,,,,on,24 Oct - Booking Info,http://www.hereford.ac.uk,3043,Herefordshire,52.0600493,-2.6969288,October,Sixth Form College,university202.jpg,,200,off,West Midlands,Hereford Sixth Form College - Open Evening ,2018-10-24 0:00:00:00.000000,2018-10-24 23:59:00:00.000000,A Levels,33
Wyke Sixth Form College,"Experience an open day at Wyke Sixth Form College, where they throw open their doors and welcome everyone to experience a day in the life on their campus/grounds. Generally, you can experience first hand whether this is the right fit for you. Take the time to plan your day and agenda. Open days can have a huge impact on your final decision and should not be missed. Please dont forget to come back and 'rate and review' your excperience right here on Odays!",2018-10-25,1532453400,1532462400,transparent,Open Evening,Bricknell Avenue  Hull HU5 4NT,364,off,office@wyke.ac.uk,+44 1482 346347,http://www.wyke.ac.uk,,,,,on,25 Oct - Booking Info,https://wyke.ac.uk/event/open-evening-4/,3044,Kingston upon Hull,53.7660243,-0.3867977,October,Sixth Form College,university203.jpg,,200,off,Yorkshire and Humberside,Wyke Sixth Form College - Open Evening,2018-10-25 17:30:00:00.000000,2018-10-25 20:00:00:00.000000,A Levels,34
Wyke Sixth Form College,"Experience an open day at Wyke Sixth Form College, where they throw open their doors and welcome everyone to experience a day in the life on their campus/grounds. Generally, you can experience first hand whether this is the right fit for you. Take the time to plan your day and agenda. Open days can have a huge impact on your final decision and should not be missed. Please dont forget to come back and 'rate and review' your excperience right here on Odays!",2018-11-08,1532453400,1532462400,transparent,Open Evening,Bricknell Avenue  Hull HU5 4NT,364,off,office@wyke.ac.uk,+44 1482 346347,http://www.wyke.ac.uk,,,,,on,8 Nov - Booking Info,https://wyke.ac.uk/event/open-evening-5/,3045,Kingston upon Hull,53.7660243,-0.3867977,November,Sixth Form College,university204.jpg,,200,off,Yorkshire and Humberside,Wyke Sixth Form College - Open Evening,2018-11-08 17:30:00:00.000000,2018-11-08 20:00:00:00.000000,A Levels,35
Notre Dame Catholic Sixth Form College,"Experience an open day at Notre Dame Catholic Sixth Form College, where they throw open their doors and welcome everyone to experience a day in the life on their campus/grounds. Generally, you can experience first hand whether this is the right fit for you. Take the time to plan your day and agenda. Open days can have a huge impact on your final decision and should not be missed. Please dont forget to come back and 'rate and review' your excperience right here on Odays!",2018-10-13,1532424600,1532437200,transparent,Open Evening ,St Mark's Avenue  Leeds LS2 9BL,364,off,enquiries@notredamecoll.ac.uk,+44 113 2946644,http://www.notredamecoll.ac.uk,,,,,on,13 Oct - Booking Info,http://www.notredamecoll.ac.uk/index.php/event/open-day/,3046,Leeds,53.8107169,-1.5533277,October,Sixth Form College,university205.jpg,,200,off,Yorkshire and Humberside,Notre Dame Catholic Sixth Form College - Open Evening ,2018-10-13 9:30:00:00.000000,2018-10-13 13:00:00:00.000000,A Levels,36
Ashton-under-Lyne Sixth Form College,"Experience an open day at Ashton-under-Lyne Sixth Form College, where they throw open their doors and welcome everyone to experience a day in the life on their campus/grounds. Generally, you can experience first hand whether this is the right fit for you. Take the time to plan your day and agenda. Open days can have a huge impact on your final decision and should not be missed. Please dont forget to come back and 'rate and review' your excperience right here on Odays!",2018-08-30,1532451600,1532458800,transparent,open evening - adult education,Darnton Road  Ashton-under-Lyne OL6 9RL,364,off,contact@asfc.ac.uk,+44 161 330 2330,http://www.asfc.ac.uk,,,,,on,30 Aug - Booking Info,https://www.asfc.ac.uk/he-and-adult/events,3047,Manchester,53.4924736,-2.0750169,August,Sixth Form College,university206.jpg,,200,off,North West England,Ashton-under-Lyne Sixth Form College - open evening - adult education,2018-08-30 17:00:00:00.000000,2018-08-30 19:00:00:00.000000,A Levels,37
Ashton-under-Lyne Sixth Form College,"Experience an open day at Ashton-under-Lyne Sixth Form College, where they throw open their doors and welcome everyone to experience a day in the life on their campus/grounds. Generally, you can experience first hand whether this is the right fit for you. Take the time to plan your day and agenda. Open days can have a huge impact on your final decision and should not be missed. Please dont forget to come back and 'rate and review' your excperience right here on Odays!",2018-09-05,1532451600,1532458800,transparent,open evening - adult education,Darnton Road  Ashton-under-Lyne OL6 9RL,364,off,contact@asfc.ac.uk,+44 161 330 2330,http://www.asfc.ac.uk,,,,,on,5 Sep - Booking Info,https://www.asfc.ac.uk/he-and-adult/events,3048,Manchester,53.4924736,-2.0750169,September,Sixth Form College,university207.jpg,,200,off,North West England,Ashton-under-Lyne Sixth Form College - open evening - adult education,2018-09-05 17:00:00:00.000000,2018-09-05 19:00:00:00.000000,A Levels,38
Ashton-under-Lyne Sixth Form College,"Experience an open day at Ashton-under-Lyne Sixth Form College, where they throw open their doors and welcome everyone to experience a day in the life on their campus/grounds. Generally, you can experience first hand whether this is the right fit for you. Take the time to plan your day and agenda. Open days can have a huge impact on your final decision and should not be missed. Please dont forget to come back and 'rate and review' your excperience right here on Odays!",2018-09-06,1532451600,1532458800,transparent,open evening - adult education,Darnton Road  Ashton-under-Lyne OL6 9RL,364,off,contact@asfc.ac.uk,+44 161 330 2330,http://www.asfc.ac.uk,,,,,on,6 Sep - Booking Info,https://www.asfc.ac.uk/he-and-adult/events,3049,Manchester,53.4924736,-2.0750169,September,Sixth Form College,university208.jpg,,200,off,North West England,Ashton-under-Lyne Sixth Form College - open evening - adult education,2018-09-06 17:00:00:00.000000,2018-09-06 19:00:00:00.000000,A Levels,39
Ashton-under-Lyne Sixth Form College,"Experience an open day at Ashton-under-Lyne Sixth Form College, where they throw open their doors and welcome everyone to experience a day in the life on their campus/grounds. Generally, you can experience first hand whether this is the right fit for you. Take the time to plan your day and agenda. Open days can have a huge impact on your final decision and should not be missed. Please dont forget to come back and 'rate and review' your excperience right here on Odays!",2018-08-30,1532451600,1532458800,transparent,Open Evening - Higher Education,Darnton Road  Ashton-under-Lyne OL6 9RL,364,off,contact@asfc.ac.uk,+44 161 330 2330,http://www.asfc.ac.uk,,,,,on,30 Aug - Booking Info,https://www.asfc.ac.uk/he-and-adult/events,3050,Manchester,53.4924736,-2.0750169,August,Sixth Form College,university209.jpg,,200,off,North West England,Ashton-under-Lyne Sixth Form College - Open Evening - Higher Education,2018-08-30 17:00:00:00.000000,2018-08-30 19:00:00:00.000000,A Levels,40
Ashton-under-Lyne Sixth Form College,"Experience an open day at Ashton-under-Lyne Sixth Form College, where they throw open their doors and welcome everyone to experience a day in the life on their campus/grounds. Generally, you can experience first hand whether this is the right fit for you. Take the time to plan your day and agenda. Open days can have a huge impact on your final decision and should not be missed. Please dont forget to come back and 'rate and review' your excperience right here on Odays!",2018-09-05,1532451600,1532458800,transparent,Open Evening - Higher Education,Darnton Road  Ashton-under-Lyne OL6 9RL,364,off,contact@asfc.ac.uk,+44 161 330 2330,http://www.asfc.ac.uk,,,,,on,5 Sep - Booking Info,https://www.asfc.ac.uk/he-and-adult/events,3051,Manchester,53.4924736,-2.0750169,September,Sixth Form College,university2010.jpg,,200,off,North West England,Ashton-under-Lyne Sixth Form College - Open Evening - Higher Education,2018-09-05 17:00:00:00.000000,2018-09-05 19:00:00:00.000000,A Levels,41
Ashton-under-Lyne Sixth Form College,"Experience an open day at Ashton-under-Lyne Sixth Form College, where they throw open their doors and welcome everyone to experience a day in the life on their campus/grounds. Generally, you can experience first hand whether this is the right fit for you. Take the time to plan your day and agenda. Open days can have a huge impact on your final decision and should not be missed. Please dont forget to come back and 'rate and review' your excperience right here on Odays!",2018-09-06,1532451600,1532458800,transparent,Open Evening - Higher Education,Darnton Road  Ashton-under-Lyne OL6 9RL,364,off,contact@asfc.ac.uk,+44 161 330 2330,http://www.asfc.ac.uk,,,,,on,6 Sep - Booking Info,https://www.asfc.ac.uk/he-and-adult/events,3052,Manchester,53.4924736,-2.0750169,September,Sixth Form College,university2011.jpg,,200,off,North West England,Ashton-under-Lyne Sixth Form College - Open Evening - Higher Education,2018-09-06 17:00:00:00.000000,2018-09-06 19:00:00:00.000000,A Levels,42
Loreto Sixth Form College,"Experience an open day at Loreto Sixth Form College, where they throw open their doors and welcome everyone to experience a day in the life on their campus/grounds. Generally, you can experience first hand whether this is the right fit for you. Take the time to plan your day and agenda. Open days can have a huge impact on your final decision and should not be missed. Please dont forget to come back and 'rate and review' your excperience right here on Odays!",2018-10-06,1532426400,1532437200,transparent,Open Day,Chichester Road  Hulme M15 5PB,364,off,enquiries@loreto.ac.uk,+44 161 226 5156,http://www.loreto.ac.uk,,,,,on,6 Oct - Booking Info,http://www.loreto.ac.uk/about-us/calendar/,3055,Manchester,53.4612817,-2.252089,October,Sixth Form College,university2014.jpg,,200,off,North West England,Loreto Sixth Form College - Open Day,2018-10-06 10:00:00:00.000000,2018-10-06 13:00:00:00.000000,A Levels,43
Loreto Sixth Form College,"Experience an open day at Loreto Sixth Form College, where they throw open their doors and welcome everyone to experience a day in the life on their campus/grounds. Generally, you can experience first hand whether this is the right fit for you. Take the time to plan your day and agenda. Open days can have a huge impact on your final decision and should not be missed. Please dont forget to come back and 'rate and review' your excperience right here on Odays!",2018-10-14,1532426400,1532437200,transparent,Open Day,Chichester Road  Hulme M15 5PB,364,off,enquiries@loreto.ac.uk,+44 161 226 5156,http://www.loreto.ac.uk,,,,,on,14 Oct - Booking Info,http://www.loreto.ac.uk/about-us/calendar/,3056,Manchester,53.4612817,-2.252089,October,Sixth Form College,university2015.jpg,,200,off,North West England,Loreto Sixth Form College - Open Day,2018-10-14 10:00:00:00.000000,2018-10-14 13:00:00:00.000000,A Levels,44
Newham Sixth Form College,"Experience an open day at Newham Sixth Form College, where they throw open their doors and welcome everyone to experience a day in the life on their campus/grounds. Generally, you can experience first hand whether this is the right fit for you. Take the time to plan your day and agenda. Open days can have a huge impact on your final decision and should not be missed. Please dont forget to come back and 'rate and review' your excperience right here on Odays!",2019-01-27,1532424600,1532435400,transparent,Open Day,Prince Regent Lane  Plaistow E13 8SG,364,off,info@newvic.ac.uk,+44 20 7473 4110,http://www.newvic.ac.uk,,,,,on,27 Jan - Booking Info,https://www.newvic.ac.uk/page/?title=Open+Days&pid=2221,3058,London,51.5213021,0.0317459,January,Sixth Form College,university2017.jpg,,200,off,London,Newham Sixth Form College - Open Day,2019-01-27 9:30:00:00.000000,2019-01-27 12:30:00:00.000000,A Levels,45
East Norfolk Sixth Form College,"Experience an open day at East Norfolk Sixth Form College, where they throw open their doors and welcome everyone to experience a day in the life on their campus/grounds. Generally, you can experience first hand whether this is the right fit for you. Take the time to plan your day and agenda. Open days can have a huge impact on your final decision and should not be missed. Please dont forget to come back and 'rate and review' your excperience right here on Odays!",2018-09-30,1532426400,1532437200,transparent,Open Morning,Church Lane  Gorleston NR31 7BQ,364,off,info@eastnorfolk.ac.uk,+44 1493 662234,https://www.eastnorfolk.ac.uk,,,,,on,30 Sep - Booking Info,https://www.eastnorfolk.ac.uk/Students--Parents/Key-Dates,3059,Norfolk,52.5788896,1.7194701,September,Sixth Form College,university2018.jpg,,200,off,Eastern England,East Norfolk Sixth Form College - Open Morning,2018-09-30 10:00:00:00.000000,2018-09-30 13:00:00:00.000000,A Levels,46
East Norfolk Sixth Form College,"Experience an open day at East Norfolk Sixth Form College, where they throw open their doors and welcome everyone to experience a day in the life on their campus/grounds. Generally, you can experience first hand whether this is the right fit for you. Take the time to plan your day and agenda. Open days can have a huge impact on your final decision and should not be missed. Please dont forget to come back and 'rate and review' your excperience right here on Odays!",2018-10-05,1532448000,1532462400,transparent,Open Evening,Church Lane  Gorleston NR31 7BQ,364,off,info@eastnorfolk.ac.uk,+44 1493 662234,https://www.eastnorfolk.ac.uk,,,,,on,5 Oct - Booking Info,https://www.eastnorfolk.ac.uk/Students--Parents/Key-Dates,3060,Norfolk,52.5788896,1.7194701,October,Sixth Form College,university2019.jpg,,200,off,Eastern England,East Norfolk Sixth Form College - Open Evening,2018-10-05 16:00:00:00.000000,2018-10-05 20:00:00:00.000000,A Levels,47
Sir Isaac Newton Sixth Form,"Experience an open day at Sir Isaac Newton Sixth Form, where they throw open their doors and welcome everyone to experience a day in the life on their campus/grounds. Generally, you can experience first hand whether this is the right fit for you. Take the time to plan your day and agenda. Open days can have a huge impact on your final decision and should not be missed. Please dont forget to come back and 'rate and review' your excperience right here on Odays!      *Note we are unable to confirm start time or finish time of this listing.",2018-09-24,1532390400,1532476740,transparent,Open Evening - Year 7's,The Old Fire Station 30 Bethel Street Norwich NR2 1NR,364,off,sirisaac@inspirationtrust.org,+44 1603 280940,http://www.inspirationtrust.org/sirisaacnewtonsixthform,,,,,on,24 Sep - Booking Info,http://www.inspirationtrust.org/sirisaacnewtonsixthform,3061,Norfolk,52.6283223,1.2901962,September,Sixth Form College,university2020.jpg,,200,off,Eastern England,Sir Isaac Newton Sixth Form - Open Evening - Year 7's,2018-09-24 0:00:00:00.000000,2018-09-24 23:59:00:00.000000,A Levels,48
Lowestoft Sixth Form College,"Experience an open day at Lowestoft Sixth Form College, where they throw open their doors and welcome everyone to experience a day in the life on their campus/grounds. Generally, you can experience first hand whether this is the right fit for you. Take the time to plan your day and agenda. Open days can have a huge impact on your final decision and should not be missed. Please dont forget to come back and 'rate and review' your excperience right here on Odays!      *Note we are unable to confirm start time or finish time of this listing.",2019-03-23,1532390400,1532476740,transparent,Open evening,Rotterdam Road  Lowestoft NR32 2PJ,364,off,info@l6fc.org,+44 1502 537000,http://www.lowestoftsfc.ac.uk,,,,,on,23 Mar - Booking Info,https://www.lowestoftsfc.ac.uk/student-life/key-dates/,3062,Suffolk,52.480703,1.7402332,March,Sixth Form College,university2021.jpg,,200,off,Eastern England,Lowestoft Sixth Form College - Open evening,2019-03-23 0:00:00:00.000000,2019-03-23 23:59:00:00.000000,A Levels,49
Suffolk One,"Experience an open day at Suffolk One, where they throw open their doors and welcome everyone to experience a day in the life on their campus/grounds. Generally, you can experience first hand whether this is the right fit for you. Take the time to plan your day and agenda. Open days can have a huge impact on your final decision and should not be missed. Please dont forget to come back and 'rate and review' your excperience right here on Odays!",2018-10-13,1532424600,1532435400,transparent,Open Evening,Scrivener Drive Pinewood Ipswich IP8 3SU,364,off,admissions@suffolkone.ac.uk,+44 1473 556600,http://www.suffolkone.ac.uk,,,,,on,13 Oct - Booking Info,https://www.suffolkone.ac.uk/information/open-events-2018-19/,3063,Suffolk,52.0439604,1.1065383,October,Sixth Form College,university1.jpg,,200,off,Eastern England,Suffolk One - Open Evening,2018-10-13 9:30:00:00.000000,2018-10-13 12:30:00:00.000000,A Levels,50
Suffolk One,"Experience an open day at Suffolk One, where they throw open their doors and welcome everyone to experience a day in the life on their campus/grounds. Generally, you can experience first hand whether this is the right fit for you. Take the time to plan your day and agenda. Open days can have a huge impact on your final decision and should not be missed. Please dont forget to come back and 'rate and review' your excperience right here on Odays!",2018-10-18,1532451600,1532462400,transparent,Open Evening,Scrivener Drive Pinewood Ipswich IP8 3SU,364,off,admissions@suffolkone.ac.uk,+44 1473 556600,http://www.suffolkone.ac.uk,,,,,on,18 Oct - Booking Info,https://www.suffolkone.ac.uk/information/open-events-2018-19/,3064,Suffolk,52.0439604,1.1065383,October,Sixth Form College,university2.jpg,,200,off,Eastern England,Suffolk One - Open Evening,2018-10-18 17:00:00:00.000000,2018-10-18 20:00:00:00.000000,A Levels,51
Suffolk One,"Experience an open day at Suffolk One, where they throw open their doors and welcome everyone to experience a day in the life on their campus/grounds. Generally, you can experience first hand whether this is the right fit for you. Take the time to plan your day and agenda. Open days can have a huge impact on your final decision and should not be missed. Please dont forget to come back and 'rate and review' your excperience right here on Odays!",2018-11-22,1532451600,1532458800,transparent,Open Evening,Scrivener Drive Pinewood Ipswich IP8 3SU,364,off,admissions@suffolkone.ac.uk,+44 1473 556600,http://www.suffolkone.ac.uk,,,,,on,22 Nov - Booking Info,https://www.suffolkone.ac.uk/information/open-events-2018-19/,3065,Suffolk,52.0439604,1.1065383,November,Sixth Form College,university3.jpg,,200,off,Eastern England,Suffolk One - Open Evening,2018-11-22 17:00:00:00.000000,2018-11-22 19:00:00:00.000000,A Levels,52
Suffolk One,"Experience an open day at Suffolk One, where they throw open their doors and welcome everyone to experience a day in the life on their campus/grounds. Generally, you can experience first hand whether this is the right fit for you. Take the time to plan your day and agenda. Open days can have a huge impact on your final decision and should not be missed. Please dont forget to come back and 'rate and review' your excperience right here on Odays!",2019-02-12,1532455200,1532462400,transparent,Open Evening,Scrivener Drive Pinewood Ipswich IP8 3SU,364,off,admissions@suffolkone.ac.uk,+44 1473 556600,http://www.suffolkone.ac.uk,,,,,on,12 Feb - Booking Info,https://www.suffolkone.ac.uk/information/open-events-2018-19/,3066,Suffolk,52.0439604,1.1065383,February,Sixth Form College,university4.jpg,,200,off,Eastern England,Suffolk One - Open Evening,2019-02-12 18:00:00:00.000000,2019-02-12 20:00:00:00.000000,A Levels,53
Farnham Sixth Form College,"Experience an open day at Farnham Sixth Form College, where they throw open their doors and welcome everyone to experience a day in the life on their campus/grounds. Generally, you can experience first hand whether this is the right fit for you. Take the time to plan your day and agenda. Open days can have a huge impact on your final decision and should not be missed. Please dont forget to come back and 'rate and review' your excperience right here on Odays!",2018-10-04,1532453400,1532462400,transparent,Open Evening,Morley Road  Farnham GU9 8LU,364,off,farnham@guildford.ac.uk,+44 1252 716988,http://www.farnham.ac.uk,,,,,on,4 Oct - Booking Info,http://www.farnham.ac.uk/WhyChooseUs/OpenEvents.aspx,3067,Surrey,51.2078098,-0.7924643,October,Sixth Form College,university5.jpg,,200,off,South East England,Farnham Sixth Form College - Open Evening,2018-10-04 17:30:00:00.000000,2018-10-04 20:00:00:00.000000,A Levels,54
Farnham Sixth Form College,"Experience an open day at Farnham Sixth Form College, where they throw open their doors and welcome everyone to experience a day in the life on their campus/grounds. Generally, you can experience first hand whether this is the right fit for you. Take the time to plan your day and agenda. Open days can have a huge impact on your final decision and should not be missed. Please dont forget to come back and 'rate and review' your excperience right here on Odays!",2018-10-06,1532426400,1532437200,transparent,Open Evening,Morley Road  Farnham GU9 8LU,364,off,farnham@guildford.ac.uk,+44 1252 716988,http://www.farnham.ac.uk,,,,,on,6 Oct - Booking Info,http://www.farnham.ac.uk/WhyChooseUs/OpenEvents.aspx,3068,Surrey,51.2078098,-0.7924643,October,Sixth Form College,university6.jpg,,200,off,South East England,Farnham Sixth Form College - Open Evening,2018-10-06 10:00:00:00.000000,2018-10-06 13:00:00:00.000000,A Levels,55
Farnham Sixth Form College,"Experience an open day at Farnham Sixth Form College, where they throw open their doors and welcome everyone to experience a day in the life on their campus/grounds. Generally, you can experience first hand whether this is the right fit for you. Take the time to plan your day and agenda. Open days can have a huge impact on your final decision and should not be missed. Please dont forget to come back and 'rate and review' your excperience right here on Odays!",2019-02-02,1532426400,1532437200,transparent,Open Evening,Morley Road  Farnham GU9 8LU,364,off,farnham@guildford.ac.uk,+44 1252 716988,http://www.farnham.ac.uk,,,,,on,2 Feb - Booking Info,http://www.farnham.ac.uk/WhyChooseUs/OpenEvents.aspx,3069,Surrey,51.2078098,-0.7924643,February,Sixth Form College,university7.jpg,,200,off,South East England,Farnham Sixth Form College - Open Evening,2019-02-02 10:00:00:00.000000,2019-02-02 13:00:00:00.000000,A Levels,56
Farnham Sixth Form College,"Experience an open day at Farnham Sixth Form College, where they throw open their doors and welcome everyone to experience a day in the life on their campus/grounds. Generally, you can experience first hand whether this is the right fit for you. Take the time to plan your day and agenda. Open days can have a huge impact on your final decision and should not be missed. Please dont forget to come back and 'rate and review' your excperience right here on Odays!",2019-06-20,1532453400,1532462400,transparent,Open Evening,Morley Road  Farnham GU9 8LU,364,off,farnham@guildford.ac.uk,+44 1252 716988,http://www.farnham.ac.uk,,,,,on,20 Jun - Booking Info,http://www.farnham.ac.uk/WhyChooseUs/OpenEvents.aspx,3070,Surrey,51.2078098,-0.7924643,June,Sixth Form College,university8.jpg,,200,off,South East England,Farnham Sixth Form College - Open Evening,2019-06-20 17:30:00:00.000000,2019-06-20 20:00:00:00.000000,A Levels,57
Big Creative Academy,"Experience an open day at Big Creative Academy, where they throw open their doors and welcome everyone to experience a day in the life on their campus/grounds. Generally, you can experience first hand whether this is the right fit for you. Take the time to plan your day and agenda. Open days can have a huge impact on your final decision and should not be missed. Please dont forget to come back and 'rate and review' your excperience right here on Odays!",2018-10-17,1532449800,1532462400,transparent,Open evening,Silver Birch House Blackhorse Lane Walthamstow E17 5QJ,364,off,recruitment@bigcreative.education,+44 20 8498 3300,http://www.bigcreative.education,,,,,on,17 Oct - Booking Info,http://www.bigcreative.education/open-evenings/,3071,London,51.5936468,-0.0429363,October,Sixth Form College,university9.jpg,,200,off,London,Big Creative Academy - Open evening,2018-10-17 16:30:00:00.000000,2018-10-17 20:00:00:00.000000,A Levels,58
Big Creative Academy,"Experience an open day at Big Creative Academy, where they throw open their doors and welcome everyone to experience a day in the life on their campus/grounds. Generally, you can experience first hand whether this is the right fit for you. Take the time to plan your day and agenda. Open days can have a huge impact on your final decision and should not be missed. Please dont forget to come back and 'rate and review' your excperience right here on Odays!",2018-11-14,1532449800,1532462400,transparent,Open evening,Silver Birch House Blackhorse Lane Walthamstow E17 5QJ,364,off,recruitment@bigcreative.education,+44 20 8498 3300,http://www.bigcreative.education,,,,,on,14 Nov - Booking Info,http://www.bigcreative.education/open-evenings/,3072,London,51.5936468,-0.0429363,November,Sixth Form College,university10.jpg,,200,off,London,Big Creative Academy - Open evening,2018-11-14 16:30:00:00.000000,2018-11-14 20:00:00:00.000000,A Levels,59
Big Creative Academy,"Experience an open day at Big Creative Academy, where they throw open their doors and welcome everyone to experience a day in the life on their campus/grounds. Generally, you can experience first hand whether this is the right fit for you. Take the time to plan your day and agenda. Open days can have a huge impact on your final decision and should not be missed. Please dont forget to come back and 'rate and review' your excperience right here on Odays!",2018-12-12,1532449800,1532462400,transparent,Open evening,Silver Birch House Blackhorse Lane Walthamstow E17 5QJ,364,off,recruitment@bigcreative.education,+44 20 8498 3300,http://www.bigcreative.education,,,,,on,12 Dec - Booking Info,http://www.bigcreative.education/open-evenings/,3073,London,51.5936468,-0.0429363,December,Sixth Form College,university11.jpg,,200,off,London,Big Creative Academy - Open evening,2018-12-12 16:30:00:00.000000,2018-12-12 20:00:00:00.000000,A Levels,60
Big Creative Academy,"Experience an open day at Big Creative Academy, where they throw open their doors and welcome everyone to experience a day in the life on their campus/grounds. Generally, you can experience first hand whether this is the right fit for you. Take the time to plan your day and agenda. Open days can have a huge impact on your final decision and should not be missed. Please dont forget to come back and 'rate and review' your excperience right here on Odays!",2019-01-16,1532449800,1532462400,transparent,Open evening,Silver Birch House Blackhorse Lane Walthamstow E17 5QJ,364,off,recruitment@bigcreative.education,+44 20 8498 3300,http://www.bigcreative.education,,,,,on,16 Jan - Booking Info,http://www.bigcreative.education/open-evenings/,3074,London,51.5936468,-0.0429363,January,Sixth Form College,university12.jpg,,200,off,London,Big Creative Academy - Open evening,2019-01-16 16:30:00:00.000000,2019-01-16 20:00:00:00.000000,A Levels,61
Big Creative Academy,"Experience an open day at Big Creative Academy, where they throw open their doors and welcome everyone to experience a day in the life on their campus/grounds. Generally, you can experience first hand whether this is the right fit for you. Take the time to plan your day and agenda. Open days can have a huge impact on your final decision and should not be missed. Please dont forget to come back and 'rate and review' your excperience right here on Odays!",2019-02-13,1532449800,1532462400,transparent,Open evening,Silver Birch House Blackhorse Lane Walthamstow E17 5QJ,364,off,recruitment@bigcreative.education,+44 20 8498 3300,http://www.bigcreative.education,,,,,on,13 Feb - Booking Info,http://www.bigcreative.education/open-evenings/,3075,London,51.5936468,-0.0429363,February,Sixth Form College,university13.jpg,,200,off,London,Big Creative Academy - Open evening,2019-02-13 16:30:00:00.000000,2019-02-13 20:00:00:00.000000,A Levels,62
Leyton Sixth Form College,"Experience an open day at Leyton Sixth Form College, where they throw open their doors and welcome everyone to experience a day in the life on their campus/grounds. Generally, you can experience first hand whether this is the right fit for you. Take the time to plan your day and agenda. Open days can have a huge impact on your final decision and should not be missed. Please dont forget to come back and 'rate and review' your excperience right here on Odays!",2018-11-10,1532426400,1532437200,transparent,Open  Day,Essex Road  Leyton E10 6EQ,364,off,enquiry@leyton.ac.uk,+44 20 8928 9000,http://www.leyton.ac.uk,,,,,on,10 Nov - Booking Info,http://www.leyton.ac.uk/why-choose-us/college-open-days.html,3076,London,51.5759534,-0.003353,November,Sixth Form College,university14.jpg,,200,off,London,Leyton Sixth Form College - Open  Day,2018-11-10 10:00:00:00.000000,2018-11-10 13:00:00:00.000000,A Levels,63
Chichester High Schools Sixth Form,"Experience an open day at Chichester High Schools Sixth Form, where they throw open their doors and welcome everyone to experience a day in the life on their campus/grounds. Generally, you can experience first hand whether this is the right fit for you. Take the time to plan your day and agenda. Open days can have a huge impact on your final decision and should not be missed. Please dont forget to come back and 'rate and review' your excperience right here on Odays!",2018-09-27,1532453400,1532462400,transparent,Open Evening,Kingsham Road  Chichester PO19 8AE,364,off,sixthform@chs-tkat.org,+44 1243 832545,http://www.chs-tkat.org,,,,,on,27 Sep - Booking Info,http://www.chs-tkat.org/1041/open-evening-and-mornings-2018,3077,West Sussex,50.8312643,-0.7765953,September,Sixth Form College,university15.jpg,,200,off,South East England,Chichester High Schools Sixth Form - Open Evening,2018-09-27 17:30:00:00.000000,2018-09-27 20:00:00:00.000000,A Levels,64
Chichester High Schools Sixth Form,"Experience an open day at Chichester High Schools Sixth Form, where they throw open their doors and welcome everyone to experience a day in the life on their campus/grounds. Generally, you can experience first hand whether this is the right fit for you. Take the time to plan your day and agenda. Open days can have a huge impact on your final decision and should not be missed. Please dont forget to come back and 'rate and review' your excperience right here on Odays!",2018-10-04,1532424600,1532431200,transparent,Open Morning,Kingsham Road  Chichester PO19 8AE,364,off,sixthform@chs-tkat.org,+44 1243 832545,http://www.chs-tkat.org,,,,,on,4 Oct - Booking Info,http://www.chs-tkat.org/1041/open-evening-and-mornings-2018,3078,West Sussex,50.8312643,-0.7765953,October,Sixth Form College,university16.jpg,,200,off,South East England,Chichester High Schools Sixth Form - Open Morning,2018-10-04 9:30:00:00.000000,2018-10-04 11:20:00:00.000000,A Levels,65
Chichester High Schools Sixth Form,"Experience an open day at Chichester High Schools Sixth Form, where they throw open their doors and welcome everyone to experience a day in the life on their campus/grounds. Generally, you can experience first hand whether this is the right fit for you. Take the time to plan your day and agenda. Open days can have a huge impact on your final decision and should not be missed. Please dont forget to come back and 'rate and review' your excperience right here on Odays!",2018-10-09,1532424600,1532431200,transparent,Open Morning,Kingsham Road  Chichester PO19 8AE,364,off,sixthform@chs-tkat.org,+44 1243 832545,http://www.chs-tkat.org,,,,,on,9 Oct - Booking Info,http://www.chs-tkat.org/1041/open-evening-and-mornings-2018,3079,West Sussex,50.8312643,-0.7765953,October,Sixth Form College,university17.jpg,,200,off,South East England,Chichester High Schools Sixth Form - Open Morning,2018-10-09 9:30:00:00.000000,2018-10-09 11:20:00:00.000000,A Levels,66
Harris Westminster Sixth Form,"Experience an open day at Harris Westminster Sixth Form, where they throw open their doors and welcome everyone to experience a day in the life on their campus/grounds. Generally, you can experience first hand whether this is the right fit for you. Take the time to plan your day and agenda. Open days can have a huge impact on your final decision and should not be missed. Please dont forget to come back and 'rate and review' your excperience right here on Odays!",2018-09-25,1532390400,1532476740,transparent,Open Evening,Steel House 11 Tothill Street Westminister SW1H 9LH,364,off,enquiries@harriswestminstersixthform.org.uk,+44 20 3772 4555,http://www.harriswestminstersixthform.org.uk,,,,,on,25 Sep - Booking Info,https://www.harriswestminstersixthform.org.uk/92/open-evenings,3080,London,51.4996109,-0.1310529,September,Sixth Form College,university18.jpg,,200,off,London,Harris Westminster Sixth Form - Open Evening,2018-09-25 0:00:00:00.000000,2018-09-25 23:59:00:00.000000,A Levels,67
Harris Westminster Sixth Form,"Experience an open day at Harris Westminster Sixth Form, where they throw open their doors and welcome everyone to experience a day in the life on their campus/grounds. Generally, you can experience first hand whether this is the right fit for you. Take the time to plan your day and agenda. Open days can have a huge impact on your final decision and should not be missed. Please dont forget to come back and 'rate and review' your excperience right here on Odays!",2018-10-01,1532390400,1532476740,transparent,Open Evening,Steel House 11 Tothill Street Westminister SW1H 9LH,364,off,enquiries@harriswestminstersixthform.org.uk,+44 20 3772 4555,http://www.harriswestminstersixthform.org.uk,,,,,on,1 Oct - Booking Info,https://www.harriswestminstersixthform.org.uk/92/open-evenings,3081,London,51.4996109,-0.1310529,October,Sixth Form College,university19.jpg,,200,off,London,Harris Westminster Sixth Form - Open Evening,2018-10-01 0:00:00:00.000000,2018-10-01 23:59:00:00.000000,A Levels,68
Harris Westminster Sixth Form,"Experience an open day at Harris Westminster Sixth Form, where they throw open their doors and welcome everyone to experience a day in the life on their campus/grounds. Generally, you can experience first hand whether this is the right fit for you. Take the time to plan your day and agenda. Open days can have a huge impact on your final decision and should not be missed. Please dont forget to come back and 'rate and review' your excperience right here on Odays!",2018-10-15,1532390400,1532476740,transparent,Open Evening,Steel House 11 Tothill Street Westminister SW1H 9LH,364,off,enquiries@harriswestminstersixthform.org.uk,+44 20 3772 4555,http://www.harriswestminstersixthform.org.uk,,,,,on,15 Oct - Booking Info,https://www.harriswestminstersixthform.org.uk/92/open-evenings,3082,London,51.4996109,-0.1310529,October,Sixth Form College,university20.jpg,,200,off,London,Harris Westminster Sixth Form - Open Evening,2018-10-15 0:00:00:00.000000,2018-10-15 23:59:00:00.000000,A Levels,69
Salisbury Sixth Form College,"Experience an open day at Salisbury Sixth Form College, where they throw open their doors and welcome everyone to experience a day in the life on their campus/grounds. Generally, you can experience first hand whether this is the right fit for you. Take the time to plan your day and agenda. Open days can have a huge impact on your final decision and should not be missed. Please dont forget to come back and 'rate and review' your excperience right here on Odays!",2018-10-10,1532455200,1532462400,transparent,Open Evening,66-78 Tollgate Road  Salisbury SP1 2JJ,364,off,admissions@salisbury6c.ac.uk,+44 1722 597970,http://www.salisbury6c.ac.uk,,,,,on,10 Oct - Booking Info,http://www.salisbury6c.ac.uk/study-with-us/open-evenings/,3083,Wiltshire,51.0655899,-1.7856658,October,Sixth Form College,university21.jpg,,200,off,South West England,Salisbury Sixth Form College - Open Evening,2018-10-10 18:00:00:00.000000,2018-10-10 20:00:00:00.000000,A Levels,70
Salisbury Sixth Form College,"Experience an open day at Salisbury Sixth Form College, where they throw open their doors and welcome everyone to experience a day in the life on their campus/grounds. Generally, you can experience first hand whether this is the right fit for you. Take the time to plan your day and agenda. Open days can have a huge impact on your final decision and should not be missed. Please dont forget to come back and 'rate and review' your excperience right here on Odays!",2018-10-10,1532455200,1532462400,transparent,Open Evening,66-78 Tollgate Road  Salisbury SP1 2JJ,364,off,admissions@salisbury6c.ac.uk,+44 1722 597970,http://www.salisbury6c.ac.uk,,,,,on,10 Oct - Booking Info,http://www.salisbury6c.ac.uk/study-with-us/open-evenings/,3084,Wiltshire,51.0655899,-1.7856658,October,Sixth Form College,university22.jpg,,200,off,South West England,Salisbury Sixth Form College - Open Evening,2018-10-10 18:00:00:00.000000,2018-10-10 20:00:00:00.000000,A Levels,71
